#Project: simplePksimProj																																																																																																			
#PK-Sim version: 8.0.22																																																																																																			
IndividualId	Gender	RaceIndex	Population Name	Organism|Weight [kg]	Organism|BMI [kg/dm²]	Organism|Age [year(s)]	Organism|Gestational age [week(s)]	Organism|Height [dm]	Organism|Ontogeny factor (albumin)	Organism|Ontogeny factor (alpha1-acid glycoprotein)	Organism|Hematocrit	Organism|VenousBlood|Volume [l]	Organism|ArterialBlood|Volume [l]	Organism|Bone|Specific blood flow rate [l/min/kg organ]	Organism|Bone|Volume [l]	Organism|Brain|Volume [l]	Organism|Brain|Specific blood flow rate [l/min/kg organ]	Organism|Fat|Volume [l]	Organism|Fat|Vf (lipid)	Organism|Fat|Vf (neutral lipid)-PT	Organism|Fat|Vf (phospholipid)-PT	Organism|Fat|Fraction interstitial	Organism|Fat|Vf (water)	Organism|Fat|Vf (water)-PT	Organism|Fat|Vf (neutral lipid)-RR	Organism|Fat|Vf (neutral lipid)-WS	Organism|Fat|Vf (neutral phospholipid)-RR	"Organism|Fat|Vf (neutral phospholipid, plasma)-WS"	Organism|Fat|Vf (extracellular water)-RR	Organism|Fat|Vf (intracellular water)-RR	Organism|Fat|Vf (water)-WS	Organism|Fat|Specific blood flow rate [l/min/kg organ]	Organism|Gonads|Volume [l]	Organism|Gonads|Specific blood flow rate [l/min/kg organ]	Organism|Heart|Volume [l]	Organism|Heart|Specific blood flow rate [l/min/kg organ]	Organism|Kidney|Volume [l]	Organism|Kidney|Age of aging onset [year(s)]	Organism|Kidney|Aging half-time [year(s)]	Organism|Kidney|GFRmat [l/min]	Organism|Kidney|Hill coefficient for aging GFR	Organism|Kidney|Hill coefficient for GFR	Organism|Kidney|Maximal decreasing rate factor	Organism|Kidney|TM50 for GFR [week(s)]	Organism|Kidney|Specific blood flow rate [l/min/kg organ]	Organism|Lumen|Effective surface area variability factor	Organism|Lumen|Stomach|Distal radius [dm]	Organism|Lumen|Stomach|Gastric emptying time [min]	Organism|Lumen|Stomach|GET_alpha (Weibull function) variability factor	Organism|Lumen|Stomach|GET_beta (Weibull function) variability factor	Organism|Lumen|Stomach|Length [dm]	Organism|Lumen|Stomach|Proximal radius [dm]	Organism|Lumen|Duodenum|Effective surface area enhancement factor	Organism|Lumen|UpperJejunum|Effective surface area enhancement factor	Organism|Lumen|LowerJejunum|Effective surface area enhancement factor	Organism|Lumen|UpperIleum|Effective surface area enhancement factor	Organism|Lumen|LowerIleum|Effective surface area enhancement factor	Organism|Lumen|Caecum|Effective surface area enhancement factor	Organism|Lumen|ColonAscendens|Effective surface area enhancement factor	Organism|Lumen|ColonTransversum|Effective surface area enhancement factor	Organism|Lumen|ColonDescendens|Effective surface area enhancement factor	Organism|Lumen|ColonSigmoid|Effective surface area enhancement factor	Organism|Lumen|Rectum|Effective surface area enhancement factor	Organism|Stomach|Volume [l]	Organism|Stomach|Specific blood flow rate [l/min/kg organ]	Organism|SmallIntestine|Small intestinal transit time [min]	Organism|SmallIntestine|Volume [l]	Organism|SmallIntestine|Specific blood flow rate [l/min/kg organ]	Organism|LargeIntestine|Large intestinal transit time [min]	Organism|LargeIntestine|Volume [l]	Organism|LargeIntestine|Specific blood flow rate [l/min/kg organ]	Organism|Liver|Volume [l]	Organism|Liver|Specific blood flow rate [l/min/kg organ]	Organism|Lung|Volume [l]	Organism|Lung|Fraction vascular	Organism|Muscle|Volume [l]	Organism|Muscle|Vf (lipid)	Organism|Muscle|Vf (neutral lipid)-PT	Organism|Muscle|Vf (phospholipid)-PT	Organism|Muscle|Vf (protein)	Organism|Muscle|Vf (water)	Organism|Muscle|Vf (water)-PT	Organism|Muscle|Fraction interstitial	Organism|Muscle|Vf (neutral lipid)-RR	Organism|Muscle|Vf (neutral lipid)-WS	Organism|Muscle|Vf (neutral phospholipid)-RR	"Organism|Muscle|Vf (neutral phospholipid, plasma)-WS"	Organism|Muscle|Vf (extracellular water)-RR	Organism|Muscle|Vf (protein)-WS	Organism|Muscle|Vf (intracellular water)-RR	Organism|Muscle|Vf (water)-WS	Organism|Muscle|Specific blood flow rate [l/min/kg organ]	Organism|Pancreas|Volume [l]	Organism|Pancreas|Specific blood flow rate [l/min/kg organ]	Organism|PortalVein|Volume [l]	Organism|Skin|Volume [l]	Organism|Skin|Specific blood flow rate [l/min/kg organ]	Organism|Spleen|Volume [l]	Organism|Spleen|Specific blood flow rate [l/min/kg organ]
50	2	0	Kitchenarians	57.77121696	0.214366132	21.71313531	40	16.41639042	1.019359035	1.192707399	0.41	0.723282771	0.309071589	0.03193111	8.843903099	1.32614994	0.526828666	14.81143776	0.761327965	0.751811365	0.00190332	0.193147459	0.188672035	0.226406442	0.811765942	0.875527159	0.001522656	0.00192616	0.169804832	0.011320322	0.037734407	0.029874899	0.010059736	0.134665342	0.261818025	0.883341843	0.299314374	30	59	0.107131816	1.5	15.05057327	0.9	45.26576428	2.684752135	0.776649069	0.496613435	8.626756745	0.797077025	1.027202146	1.986464788	0.496613435	292.6883	447.9877	372.9358	260.7527	146.565	1.8	2.5	2.5	2.5	2.5	3.56	0.145434953	0.387069451	119.350062	0.623339457	1.076230319	2570.788726	0.344072178	0.776122176	1.30701771	0.203653035	0.594408997	0.53	24.63097559	0.013	0.0238	0.0072	0.177	0.811	0.76	0.171049153	0.022	0.0049	0.0078	0.0042	0.079	0.19	0.666	0.76	0.033851356	0.13565034	0.391455602	0.770099638	2.468968062	0.126098793	0.166212737	0.81886593
51	2	0	Kitchenarians	62.25125711	0.299385362	78.14230969	40	14.41978488	0.911142134	0.738081898	0.41	0.62511432	0.296975922	0.030224362	6.23625741	1.270221141	0.397478084	33.96654593	0.8	0.79	0.002	0.16	0.15	0.18	0.853	0.92	0.0016	0.002024	0.135	0.009	0.03	0.02483779	0.004909674	0.094753709	0.323754205	1.015213009	0.382932147	30	59	0.12561818	1.5	14.89446739	0.9	42.19029879	1.897433783	1.632371333	0.5	10.31293313	0.848769909	2.165295987	2	0.5	292.6883	447.9877	372.9358	260.7527	146.565	1.8	2.5	2.5	2.5	2.5	3.56	0.128497033	0.247154741	177.3136287	0.648413554	0.624453647	2652	0.384479738	0.474131209	1.025072162	0.183581483	0.835210357	0.53	12.65115782	0.013	0.0238	0.0072	0.177	0.811	0.76	0.16	0.022	0.0049	0.0078	0.0042	0.079	0.19	0.666	0.76	0.032418404	0.134599903	0.276564228	0.724438289	2.454038666	0.101043826	0.158638851	0.788694103
52	2	0	Kitchenarians	63.89248912	0.212015345	53.24317885	40	17.35966165	1.081892266	0.690209887	0.41	0.826638206	0.377085187	0.033097556	10.09518129	1.39023354	0.474954991	17.108252	0.8	0.79	0.002	0.16	0.15	0.18	0.853	0.92	0.0016	0.002024	0.135	0.009	0.03	0.027346576	0.006853037	0.09346674	0.366758875	0.884899641	0.305945948	30	59	0.182554156	1.5	15.06277151	0.9	44.42465944	2.381968066	1.026057439	0.5	14.65350847	0.733470621	1.08589805	2	0.5	292.6883	447.9877	372.9358	260.7527	146.565	1.8	2.5	2.5	2.5	2.5	3.56	0.199658454	0.316730092	80.16720903	0.776831986	0.778586339	2652	0.524172488	0.671796894	1.156155139	0.197496211	0.727760505	0.53	25.78342003	0.013	0.0238	0.0072	0.177	0.811	0.76	0.16	0.022	0.0049	0.0078	0.0042	0.079	0.19	0.666	0.76	0.031069305	0.206808991	0.318857572	0.890814148	2.930783366	0.098788867	0.219135931	0.863479088
53	2	0	Kitchenarians	56.97251184	0.235396166	60.79602701	40	15.55725574	0.960926179	1.095071615	0.41	0.789438993	0.360448013	0.035577796	8.171298828	1.3263063	0.52570343	18.03370977	0.8	0.79	0.002	0.16	0.15	0.18	0.853	0.92	0.0016	0.002024	0.135	0.009	0.03	0.025318843	0.005317761	0.098614652	0.378404989	1.003327192	0.482584032	30	59	0.100114499	1.5	14.41431701	0.9	45.92459735	2.133492867	1.636625786	0.5	21.80548342	0.809460137	1.082095352	2	0.5	292.6883	447.9877	372.9358	260.7527	146.565	1.8	2.5	2.5	2.5	2.5	3.56	0.175858992	0.277577536	119.0958783	0.777024758	0.770070518	2652	0.470113236	0.517238124	1.23727383	0.177240354	1.025172466	0.53	19.95799153	0.013	0.0238	0.0072	0.177	0.811	0.76	0.16	0.022	0.0049	0.0078	0.0042	0.079	0.19	0.666	0.76	0.026357653	0.14527545	0.325917364	0.83555149	2.715582635	0.114129804	0.085158778	0.7839826
54	2	0	Kitchenarians	48.88422544	0.217489536	63.90777056	40	14.99219375	0.879723092	0.918352418	0.41	0.752761455	0.311844281	0.032182111	7.456137833	1.389703119	0.454567732	13.97691123	0.8	0.79	0.002	0.16	0.15	0.18	0.853	0.92	0.0016	0.002024	0.135	0.009	0.03	0.023972536	0.004913848	0.090736058	0.378148471	0.978777853	0.498969065	30	59	0.122993829	1.5	15.49496555	0.9	44.78006073	2.242501383	0.319884155	0.5	25.82992663	1.029530208	1.188175597	2	0.5	292.6883	447.9877	372.9358	260.7527	146.565	1.8	2.5	2.5	2.5	2.5	3.56	0.165208163	0.285965701	218.1831566	0.563143149	0.728457625	2652	0.456373383	0.539802828	1.352885919	0.189251071	1.487947702	0.53	16.6928705	0.013	0.0238	0.0072	0.177	0.811	0.76	0.16	0.022	0.0049	0.0078	0.0042	0.079	0.19	0.666	0.76	0.029858891	0.13911841	0.283032925	0.770339148	2.340708729	0.116989823	0.146241039	0.781918689
55	2	0	Kitchenarians	51.03205139	0.216836171	86.45120011	40	15.34106988	1.08653225	0.569270429	0.41	0.664343238	0.281573517	0.034148141	7.023175031	1.270064675	0.463117487	19.74587244	0.8	0.79	0.002	0.16	0.15	0.18	0.853	0.92	0.0016	0.002024	0.135	0.009	0.03	0.02675435	0.004943555	0.092086191	0.546921898	1.158472895	0.415919911	30	59	0.106273917	1.5	15.3547073	0.9	44.94967084	1.711286851	0.914603114	0.5	17.25432427	1.278799997	0.869744937	2	0.5	292.6883	447.9877	372.9358	260.7527	146.565	1.8	2.5	2.5	2.5	2.5	3.56	0.133303419	0.220896147	58.82974338	0.679894501	0.514717264	2652	0.498973976	0.393222268	0.982650676	0.164423009	0.760349684	0.53	14.43394368	0.013	0.0238	0.0072	0.177	0.811	0.76	0.16	0.022	0.0049	0.0078	0.0042	0.079	0.19	0.666	0.76	0.036965077	0.173608626	0.258455654	0.608100842	2.694204008	0.109971572	0.114207705	0.858325988
56	2	0	Kitchenarians	60.8953298	0.266107266	70.42113788	40	15.12737687	0.824012409	1.780976581	0.41	0.644852714	0.319989469	0.031988626	7.281505809	1.280896975	0.444003131	29.98178282	0.8	0.79	0.002	0.16	0.15	0.18	0.853	0.92	0.0016	0.002024	0.135	0.009	0.03	0.023512898	0.00467833	0.084998703	0.490127506	1.012805489	0.364857391	30	59	0.15779435	1.5	14.70535535	0.9	43.91403804	2.009606892	1.03482249	0.5	13.4793756	1.498395937	0.857955623	2	0.5	292.6883	447.9877	372.9358	260.7527	146.565	1.8	2.5	2.5	2.5	2.5	3.56	0.128176307	0.26238776	443.5820726	0.572648508	0.638157421	2652	0.427942758	0.527715711	1.499809746	0.176856718	1.188992743	0.53	13.03862834	0.013	0.0238	0.0072	0.177	0.811	0.76	0.16	0.022	0.0049	0.0078	0.0042	0.079	0.19	0.666	0.76	0.028221067	0.195891601	0.317266912	0.718068398	2.542932055	0.11226866	0.213548328	0.774973907
57	2	0	Kitchenarians	80.15730905	0.289784922	82.16218468	40	16.63158624	1.187034861	0.842040233	0.41	0.714415852	0.31067083	0.03427003	8.373804974	1.18086394	0.42435591	45.50456541	0.8	0.79	0.002	0.16	0.15	0.18	0.853	0.92	0.0016	0.002024	0.135	0.009	0.03	0.026647366	0.005320495	0.088232264	0.362805531	0.993511867	0.573391596	30	59	0.117428305	1.5	15.18183704	0.9	46.72000424	1.863559933	0.841402762	0.5	22.49057573	0.883775462	1.352184245	2	0.5	292.6883	447.9877	372.9358	260.7527	146.565	1.8	2.5	2.5	2.5	2.5	3.56	0.191987174	0.206060672	252.2279518	0.624645414	0.601680272	2652	0.339926451	0.42394406	2.116616967	0.156040965	0.668462966	0.53	14.93430426	0.013	0.0238	0.0072	0.177	0.811	0.76	0.16	0.022	0.0049	0.0078	0.0042	0.079	0.19	0.666	0.76	0.031812175	0.124273299	0.281597702	0.738165018	3.250085114	0.097615111	0.143003755	0.821322592
58	2	0	Kitchenarians	43.60989997	0.224197857	34.03182232	40	13.94687204	1.005764657	0.650149449	0.41	0.701096275	0.294841398	0.034095673	6.716118251	1.416899524	0.5610957	12.02402033	0.8	0.79	0.002	0.16	0.15	0.18	0.853	0.92	0.0016	0.002024	0.135	0.009	0.03	0.026359751	0.012361194	0.091823715	0.244754781	0.918605404	0.369409101	30	59	0.171892331	1.5	15.07490595	0.9	44.37027415	2.766511131	1.971035857	0.5	13.11419319	1.590149368	0.684317075	2	0.5	292.6883	447.9877	372.9358	260.7527	146.565	1.8	2.5	2.5	2.5	2.5	3.56	0.145847932	0.362594718	200.9770206	0.504415229	0.963455873	2652	0.398332224	0.714780492	1.680757205	0.201789163	0.705551656	0.53	15.34705907	0.013	0.0238	0.0072	0.177	0.811	0.76	0.16	0.022	0.0049	0.0078	0.0042	0.079	0.19	0.666	0.76	0.033581907	0.139409512	0.345233477	0.692373723	1.985576378	0.102666997	0.231076188	0.9222574
59	2	0	Kitchenarians	64.4750279	0.212811725	54.04148202	40	17.40596051	0.802555815	1.412820763	0.41	0.866348772	0.34266023	0.032217469	10.37132765	1.362513364	0.463958246	18.31982065	0.8	0.79	0.002	0.16	0.15	0.18	0.853	0.92	0.0016	0.002024	0.135	0.009	0.03	0.023482107	0.00601984	0.087066987	0.32777586	0.845636453	0.386796469	30	59	0.109433878	1.5	15.15065945	0.9	45.77437111	2.358687002	1.062603315	0.5	8.996112267	1.017638623	0.907484845	2	0.5	292.6883	447.9877	372.9358	260.7527	146.565	1.8	2.5	2.5	2.5	2.5	3.56	0.170933441	0.321286996	166.3149422	0.641589837	0.849351329	2652	0.439856907	0.649531536	1.3012645	0.184220743	1.163481236	0.53	24.31122317	0.013	0.0238	0.0072	0.177	0.811	0.76	0.16	0.022	0.0049	0.0078	0.0042	0.079	0.19	0.666	0.76	0.030471306	0.265753353	0.316266977	0.925683749	3.085472793	0.103316131	0.186506082	0.900168478
60	2	0	Kitchenarians	73.72835982	0.264292949	32.89792944	40	16.70223147	1.22720348	1.443372668	0.41	0.788016306	0.315314447	0.03248013	9.492154417	1.416107194	0.496173727	29.25023145	0.8	0.79	0.002	0.16	0.15	0.18	0.853	0.92	0.0016	0.002024	0.135	0.009	0.03	0.026653944	0.014080055	0.092260454	0.287118251	0.883670354	0.402381849	30	59	0.090383102	1.5	15.19956961	0.9	43.23594532	2.672959798	0.600323133	0.5	10.84218088	1.50110221	0.867777381	2	0.5	292.6883	447.9877	372.9358	260.7527	146.565	1.8	2.5	2.5	2.5	2.5	3.56	0.172657736	0.357253802	44.03430746	0.876223853	0.935921415	2652	0.437349469	0.697428568	1.659622684	0.206654833	0.968971972	0.53	23.35847434	0.013	0.0238	0.0072	0.177	0.811	0.76	0.16	0.022	0.0049	0.0078	0.0042	0.079	0.19	0.666	0.76	0.031877482	0.208542178	0.330829979	0.791006096	3.071591295	0.112849458	0.21851623	0.806163394
61	2	0	Kitchenarians	33.27794043	0.177568614	8.92542941	40	13.68973739	0.848225312	0.667870202	0.4	0.410114991	0.197625647	0.053471944	5.223399731	1.163392131	0.608820782	8.345225026	0.694210306	0.685532677	0.001735526	0.255789694	0.255789694	0.306947633	0.740201739	0.798341852	0.001388421	0.001756352	0.230210725	0.015347382	0.051157939	0.031502848	0.00423416	0.258740392	0.184200269	1.171483873	0.18633761	30	59	0.064865425	1.5	14.89952685	0.9	45.72002768	3.176523568	1.625266161	0.404193389	15.76725868	1.636756197	0.792597667	1.616812065	0.404193389	292.6883	447.9877	372.9358	260.7527	146.565	1.8	2.5	2.5	2.5	2.5	3.56	0.102662922	0.533100153	85.33009855	0.355232151	1.224984807	2505	0.22444246	0.859514074	1.106548359	0.263995216	0.248983536	0.53	13.8785025	0.013	0.0238	0.0072	0.177	0.811	0.76	0.248596565	0.022	0.0049	0.0078	0.0042	0.079	0.19	0.666	0.76	0.036721013	0.113322589	0.587374253	0.482642911	0.902682814	0.281437575	0.148390626	1.104820592
62	2	0	Kitchenarians	95.2138366	0.344195277	55.43527107	40	16.63211884	0.832418431	0.54351056	0.41	0.859260996	0.360377517	0.031774177	9.266088034	1.284606678	0.493401665	51.29052081	0.8	0.79	0.002	0.16	0.15	0.18	0.853	0.92	0.0016	0.002024	0.135	0.009	0.03	0.026816666	0.006287667	0.092387017	0.443494689	0.866447323	0.475460056	30	59	0.129254185	1.5	15.0217273	0.9	44.14024479	2.192467341	0.817080637	0.5	13.64103161	1.371607234	0.717083047	2	0.5	292.6883	447.9877	372.9358	260.7527	146.565	1.8	2.5	2.5	2.5	2.5	3.56	0.160893991	0.306796332	167.8791772	0.71394116	0.754776069	2652	0.314132476	0.659122171	1.505246986	0.194680285	1.250857635	0.53	22.63898313	0.013	0.0238	0.0072	0.177	0.811	0.76	0.16	0.022	0.0049	0.0078	0.0042	0.079	0.19	0.666	0.76	0.032914964	0.183586194	0.317194172	0.886445438	3.48782397	0.111535493	0.085829176	0.844827133
63	2	0	Kitchenarians	47.00791874	0.177109845	19.30745175	40	16.29161583	1.320000592	1.397783623	0.41	0.641173607	0.28776911	0.034216183	8.639490329	1.228732122	0.473026831	7.092587919	0.750101442	0.740725173	0.001875254	0.202770193	0.199898558	0.23987827	0.799795662	0.862616658	0.001500203	0.001897757	0.179908703	0.011993914	0.039979712	0.030012425	0.008481103	0.158003568	0.268948468	0.967496417	0.427237251	30	59	0.073407469	1.5	15.3582195	0.9	44.04760145	2.934404136	1.634972275	0.495630312	12.32317955	1.126339577	0.841756499	1.982535505	0.495630312	292.6883	447.9877	372.9358	260.7527	146.565	1.8	2.5	2.5	2.5	2.5	3.56	0.151132042	0.398274261	151.533668	0.649648976	1.088899314	2547.213027	0.311926159	0.786560785	2.403442311	0.214567062	0.889063824	0.53	20.89517676	0.013	0.0238	0.0072	0.177	0.811	0.76	0.174256731	0.022	0.0049	0.0078	0.0042	0.079	0.19	0.666	0.76	0.031880309	0.142575449	0.420092609	0.699065011	1.962969607	0.149061229	0.308498692	0.811350406
64	2	0	Kitchenarians	63.41660965	0.258522037	17.04348168	40	15.66219857	1.310630432	2.555821222	0.41	0.631080373	0.265328169	0.034943918	7.868725113	1.388906739	0.509196078	26.69144841	0.739536248	0.730292045	0.001848841	0.211826073	0.210463752	0.252556503	0.788530524	0.850466685	0.001479072	0.001871027	0.189417377	0.012627825	0.04209275	0.028888191	0.007028825	0.14978258	0.225164559	0.996698655	0.389483053	30	59	0.107619493	1.5	15.46804482	0.9	43.498153	2.797899259	1.199825274	0.494705103	13.23637528	0.786133009	0.621347	1.978837687	0.494705103	292.6883	447.9877	372.9358	260.7527	146.565	1.8	2.5	2.5	2.5	2.5	3.56	0.103504545	0.395304354	416.7091605	0.590623793	1.022710488	2525.02612	0.350592362	0.859750116	2.016860825	0.221083334	0.647878427	0.53	18.99704538	0.013	0.0238	0.0072	0.177	0.811	0.76	0.177275358	0.022	0.0049	0.0078	0.0042	0.079	0.19	0.666	0.76	0.034572442	0.094521705	0.391141768	0.659231249	2.317800659	0.152154826	0.17138546	0.742548989
65	2	0	Kitchenarians	25.44198314	0.164339691	9.225927856	40	12.44240254	1.002926022	1.084820893	0.4	0.417561083	0.174572191	0.048729968	4.20318905	1.241054	0.611217428	4.696891419	0.701422269	0.69265449	0.001753556	0.248577731	0.248577731	0.298293278	0.747891494	0.806635609	0.001402845	0.001774598	0.223719958	0.014914664	0.049715546	0.032083929	0.003506461	0.244188847	0.148084123	1.122879811	0.1719632	30	59	0.074321583	1.5	15.24544627	0.9	45.49254706	3.015296948	0.999418522	0.409539257	13.01037466	0.379231572	0.988953665	1.638201545	0.409539257	292.6883	447.9877	372.9358	260.7527	146.565	1.8	2.5	2.5	2.5	2.5	3.56	0.086159599	0.504981604	312.7450761	0.430746386	1.234051863	2505	0.192584869	0.789742522	1.225451339	0.275347267	0.216188454	0.53	10.73166104	0.013	0.0238	0.0072	0.177	0.811	0.76	0.246192577	0.022	0.0049	0.0078	0.0042	0.079	0.19	0.666	0.76	0.032074945	0.099925253	0.627591169	0.412717941	0.830538425	0.274967792	0.159188315	1.097101728
66	2	0	Kitchenarians	52.19481653	0.228799447	75.73609956	40	15.10379917	0.975462024	0.904713142	0.41	0.734340128	0.311897596	0.03290039	7.223101727	1.268271755	0.458019813	19.28677907	0.8	0.79	0.002	0.16	0.15	0.18	0.853	0.92	0.0016	0.002024	0.135	0.009	0.03	0.025700774	0.005360778	0.08777982	0.319549359	1.029600989	0.335691123	30	59	0.078076854	1.5	15.01082431	0.9	44.68836328	2.048206698	1.061256745	0.5	15.18180231	0.810360702	1.021670224	2	0.5	292.6883	447.9877	372.9358	260.7527	146.565	1.8	2.5	2.5	2.5	2.5	3.56	0.169953339	0.247689554	184.015673	0.67251155	0.592584527	2652	0.382712563	0.44208736	1.850827625	0.153177686	1.290748819	0.53	14.9076417	0.013	0.0238	0.0072	0.177	0.811	0.76	0.16	0.022	0.0049	0.0078	0.0042	0.079	0.19	0.666	0.76	0.031505658	0.155861202	0.282773134	0.750849609	2.414810869	0.101202176	0.113907715	0.756741312
67	2	0	Kitchenarians	69.11303339	0.215782421	30.55400272	40	17.89665832	1.04379281	1.291674089	0.41	0.825906612	0.348646018	0.033933413	11.04967657	1.419847835	0.544834902	21.75000665	0.8	0.79	0.002	0.16	0.15	0.18	0.853	0.92	0.0016	0.002024	0.135	0.009	0.03	0.026269716	0.01421126	0.083470182	0.405417503	0.866663608	0.393555252	30	59	0.093003484	1.5	14.98582382	0.9	45.4761803	2.640386947	0.450769547	0.5	14.96511757	0.373043273	1.226054623	2	0.5	292.6883	447.9877	372.9358	260.7527	146.565	1.8	2.5	2.5	2.5	2.5	3.56	0.198039142	0.358940978	284.142813	0.601168407	0.988661669	2652	0.338021201	0.676905429	3.30562978	0.188357962	1.338667446	0.53	22.8274432	0.013	0.0238	0.0072	0.177	0.811	0.76	0.16	0.022	0.0049	0.0078	0.0042	0.079	0.19	0.666	0.76	0.032429266	0.21115797	0.365762563	0.835276898	3.099469545	0.110911426	0.150892092	0.828690148
68	2	0	Kitchenarians	62.10235186	0.283895606	91.9521565	40	14.79022184	1.149058093	0.781969126	0.41	0.637719844	0.28174986	0.034647523	6.450842433	1.121749695	0.407434171	35.58359284	0.8	0.79	0.002	0.16	0.15	0.18	0.853	0.92	0.0016	0.002024	0.135	0.009	0.03	0.025721689	0.004941994	0.095873403	0.525319684	1.08126009	0.281530286	30	59	0.102775759	1.5	14.7731877	0.9	44.17204887	1.44677717	0.844587468	0.5	8.193808793	0.92338218	0.898811099	2	0.5	292.6883	447.9877	372.9358	260.7527	146.565	1.8	2.5	2.5	2.5	2.5	3.56	0.115422292	0.223354477	133.3568138	0.541555409	0.445242987	2652	0.394791068	0.425670955	1.671150399	0.147504492	0.374050899	0.53	10.60595036	0.013	0.0238	0.0072	0.177	0.811	0.76	0.16	0.022	0.0049	0.0078	0.0042	0.079	0.19	0.666	0.76	0.035393051	0.113754247	0.267795678	0.684544791	2.587357724	0.098971664	0.126328037	0.984907343
69	2	0	Kitchenarians	67.1163851	0.313759226	77.65362141	40	14.62567861	0.997628643	0.7842211	0.41	0.679338064	0.285482527	0.035388072	6.522899054	1.324753028	0.465481591	38.9263927	0.8	0.79	0.002	0.16	0.15	0.18	0.853	0.92	0.0016	0.002024	0.135	0.009	0.03	0.024755035	0.004770848	0.080817674	0.265035714	1.025026796	0.35396443	30	59	0.087351758	1.5	14.61730994	0.9	44.41088405	1.769585885	0.939629368	0.5	25.8992129	1.136683873	1.222985918	2	0.5	292.6883	447.9877	372.9358	260.7527	146.565	1.8	2.5	2.5	2.5	2.5	3.56	0.142451177	0.247060579	84.11501028	0.691392704	0.573641356	2652	0.4662659	0.48592938	1.024906635	0.15253788	0.606526074	0.53	12.16812602	0.013	0.0238	0.0072	0.177	0.811	0.76	0.16	0.022	0.0049	0.0078	0.0042	0.079	0.19	0.666	0.76	0.032810719	0.185734931	0.247595956	0.707360524	2.670898994	0.111795191	0.090085781	0.747533402
70	2	0	Kitchenarians	55.75068628	0.257158158	66.10631415	40	14.72397109	0.982907074	0.875795106	0.41	0.71488318	0.312130886	0.033011599	7.119186542	1.379348529	0.461354616	22.91579203	0.8	0.79	0.002	0.16	0.15	0.18	0.853	0.92	0.0016	0.002024	0.135	0.009	0.03	0.026830197	0.004751223	0.083519768	0.295778495	1.002398217	0.295553274	30	59	0.141835792	1.5	15.40022606	0.9	46.61587872	1.977859853	0.915967919	0.5	17.04886175	0.741451716	0.554310631	2	0.5	292.6883	447.9877	372.9358	260.7527	146.565	1.8	2.5	2.5	2.5	2.5	3.56	0.167115823	0.258024077	64.90731218	0.587450433	0.763792599	2652	0.419381576	0.486248368	1.775071385	0.185081035	0.804762691	0.53	15.40662065	0.013	0.0238	0.0072	0.177	0.811	0.76	0.16	0.022	0.0049	0.0078	0.0042	0.079	0.19	0.666	0.76	0.034377752	0.174658239	0.280910903	0.736306471	2.462204763	0.098206441	0.179690093	0.788279407
71	2	0	Kitchenarians	58.83360304	0.292066128	83.97824316	40	14.19293214	1.281793371	0.820919896	0.41	0.65254957	0.267477384	0.031435789	5.970431089	1.242175557	0.534063956	29.36005446	0.8	0.79	0.002	0.16	0.15	0.18	0.853	0.92	0.0016	0.002024	0.135	0.009	0.03	0.025719319	0.005421184	0.089398731	0.300253566	1.070576331	0.3119305	30	59	0.147966806	1.5	15.1362695	0.9	45.39876946	1.735783854	0.259218669	0.5	34.62729104	1.344715456	1.498019436	2	0.5	292.6883	447.9877	372.9358	260.7527	146.565	1.8	2.5	2.5	2.5	2.5	3.56	0.147153916	0.234299328	45.23051545	0.703223894	0.588775316	2652	0.347367631	0.453827241	1.447689544	0.166980413	0.732989435	0.53	13.96043602	0.013	0.0238	0.0072	0.177	0.811	0.76	0.16	0.022	0.0049	0.0078	0.0042	0.079	0.19	0.666	0.76	0.03227444	0.141622878	0.263341723	0.710409894	2.4372482	0.113041412	0.095168329	0.704897276
72	2	0	Kitchenarians	56.57483328	0.217904307	15.68912683	40	16.11308633	0.714110934	0.709225275	0.41	0.623063866	0.272674414	0.033010748	8.199035621	1.508935612	0.550519767	20.89367652	0.733215925	0.724050726	0.00183304	0.217243493	0.216784075	0.26014089	0.78179148	0.843198314	0.001466432	0.001855036	0.195105667	0.013007044	0.043356815	0.03016403	0.007973592	0.151411651	0.234036722	0.946331224	0.334460764	30	59	0.090133164	1.5	14.90898619	0.9	44.77345875	2.583075473	1.213135337	0.494151623	47.21915049	0.6949861	1.12827933	1.976625574	0.494151623	292.6883	447.9877	372.9358	260.7527	146.565	1.8	2.5	2.5	2.5	2.5	3.56	0.139085065	0.435454676	162.2947375	0.602191626	1.106673682	2511.753443	0.34724001	0.921974214	2.151151077	0.220874679	0.628483139	0.53	17.37423009	0.013	0.0238	0.0072	0.177	0.811	0.76	0.179081164	0.022	0.0049	0.0078	0.0042	0.079	0.19	0.666	0.76	0.033107443	0.182091044	0.396907845	0.648457557	2.167028299	0.130732945	0.261018266	0.790865902
73	2	0	Kitchenarians	64.68704426	0.22497759	46.15436781	40	16.95660971	1.210152466	1.650077731	0.41	0.857045487	0.357449386	0.031462382	9.717947772	1.39898741	0.484369393	19.53826153	0.8	0.79	0.002	0.16	0.15	0.18	0.853	0.92	0.0016	0.002024	0.135	0.009	0.03	0.028146446	0.00985678	0.086724629	0.347815046	0.882478553	0.446490754	30	59	0.084161096	1.5	14.8192268	0.9	45.08712261	2.424148813	1.169092259	0.5	14.95660317	0.515049816	1.995656308	2	0.5	292.6883	447.9877	372.9358	260.7527	146.565	1.8	2.5	2.5	2.5	2.5	3.56	0.144781968	0.323822375	158.6549471	0.766648866	0.890225412	2652	0.450008553	0.699835548	1.663022113	0.198959342	0.875736442	0.53	23.81259178	0.013	0.0238	0.0072	0.177	0.811	0.76	0.16	0.022	0.0049	0.0078	0.0042	0.079	0.19	0.666	0.76	0.035305135	0.211999477	0.339743301	0.816561618	3.078983549	0.104219755	0.192855723	0.912458591
74	2	0	Kitchenarians	39.74155732	0.19509298	83.0105931	40	14.27255153	1.013217094	0.887227462	0.41	0.660893578	0.279275378	0.03147927	6.100624267	1.214654468	0.450870961	12.35036638	0.8	0.79	0.002	0.16	0.15	0.18	0.853	0.92	0.0016	0.002024	0.135	0.009	0.03	0.027921211	0.004852319	0.079520863	0.419575577	1.112425347	0.429376355	30	59	0.105590364	1.5	14.48703977	0.9	43.00419135	1.568003601	1.317078672	0.5	8.665993475	1.128722336	1.146595826	2	0.5	292.6883	447.9877	372.9358	260.7527	146.565	1.8	2.5	2.5	2.5	2.5	3.56	0.182677913	0.226698486	177.3190064	0.578101689	0.523578782	2652	0.37399683	0.448022416	1.338217681	0.182107719	0.814845503	0.53	12.00534749	0.013	0.0238	0.0072	0.177	0.811	0.76	0.16	0.022	0.0049	0.0078	0.0042	0.079	0.19	0.666	0.76	0.034000645	0.141071855	0.265559524	0.722450192	2.03872224	0.109118639	0.086507609	0.814257573
75	2	0	Kitchenarians	59.69749341	0.223321035	57.46936079	40	16.34982964	1.179942607	1.308133547	0.41	0.787083329	0.331995428	0.033124087	9.042413133	1.285973364	0.490601475	20.85425186	0.8	0.79	0.002	0.16	0.15	0.18	0.853	0.92	0.0016	0.002024	0.135	0.009	0.03	0.024958889	0.005722994	0.089366095	0.4310372	0.933076478	0.496472621	30	59	0.112600351	1.5	14.99359525	0.9	44.10414979	2.149306046	0.572671902	0.5	17.34758227	1.634987521	0.986531567	2	0.5	292.6883	447.9877	372.9358	260.7527	146.565	1.8	2.5	2.5	2.5	2.5	3.56	0.17780997	0.301566362	113.9303594	0.614880649	0.802785138	2652	0.469015954	0.580783737	1.805647788	0.184817967	0.94043258	0.53	18.38959155	0.013	0.0238	0.0072	0.177	0.811	0.76	0.16	0.022	0.0049	0.0078	0.0042	0.079	0.19	0.666	0.76	0.034848753	0.144300427	0.336256379	0.884302771	2.803793368	0.106094381	0.232768427	0.843678898
76	2	0	Kitchenarians	54.56275626	0.217584332	17.58522075	40	15.83559337	0.788245284	2.155719397	0.41	0.662147263	0.250924153	0.032900597	7.977230621	1.250724406	0.479029262	16.09382823	0.742064364	0.732788559	0.001855161	0.209659117	0.207935636	0.249522764	0.791226128	0.853374018	0.001484129	0.001877423	0.187142073	0.012476138	0.041587127	0.026489656	0.008146261	0.151754382	0.335773705	0.957031389	0.624385778	30	59	0.14136487	1.5	14.88071949	0.9	43.9714037	2.978336849	0.630905993	0.494926494	10.32992116	1.279371967	1.023784755	1.979722527	0.494926494	292.6883	447.9877	372.9358	260.7527	146.565	1.8	2.5	2.5	2.5	2.5	3.56	0.153795861	0.378751863	133.2960561	0.678242742	1.066773838	2530.335163	0.378542334	0.808695443	0.916739894	0.198822348	0.627855417	0.53	21.23442176	0.013	0.0238	0.0072	0.177	0.811	0.76	0.176553039	0.022	0.0049	0.0078	0.0042	0.079	0.19	0.666	0.76	0.033322824	0.160800537	0.437884684	0.638977976	2.226470699	0.141621946	0.34374863	0.851860872
77	2	0	Kitchenarians	50.18690646	0.209481758	96.96386577	40	15.47825895	0.931256911	1.063958898	0.41	0.536607424	0.253377388	0.033394319	6.82251466	0.976570242	0.378643688	23.07598568	0.8	0.79	0.002	0.16	0.15	0.18	0.853	0.92	0.0016	0.002024	0.135	0.009	0.03	0.024705595	0.005013303	0.095548936	0.543053083	1.108489744	0.255569017	30	59	0.141510983	1.5	15.27570666	0.9	42.44943889	1.345046435	1.400801233	0.5	5.404693325	0.866268785	1.097288835	2	0.5	292.6883	447.9877	372.9358	260.7527	146.565	1.8	2.5	2.5	2.5	2.5	3.56	0.143317357	0.171036051	88.64803351	0.734466328	0.411817006	2652	0.457902871	0.341440168	1.71457837	0.154559462	0.723989547	0.53	10.91100927	0.013	0.0238	0.0072	0.177	0.811	0.76	0.16	0.022	0.0049	0.0078	0.0042	0.079	0.19	0.666	0.76	0.034713964	0.085816768	0.255536499	0.6302702	2.240063758	0.102174307	0.076801191	1.015568857
78	2	0	Kitchenarians	62.28032497	0.26479975	93.52278025	40	15.33616065	1.096761376	0.793849043	0.41	0.635167892	0.257343666	0.030139996	6.725356865	1.105232838	0.486702267	31.58484132	0.8	0.79	0.002	0.16	0.15	0.18	0.853	0.92	0.0016	0.002024	0.135	0.009	0.03	0.025549115	0.005103512	0.090258108	0.376610784	0.987907718	0.270245898	30	59	0.156488434	1.5	15.00644385	0.9	44.5765938	1.488836787	0.90253834	0.5	34.03461107	0.707314269	1.150333932	2	0.5	292.6883	447.9877	372.9358	260.7527	146.565	1.8	2.5	2.5	2.5	2.5	3.56	0.172460227	0.165353842	114.1713814	0.798955753	0.543153923	2652	0.514578998	0.332454133	1.590291357	0.165736983	0.794140638	0.53	13.64014741	0.013	0.0238	0.0072	0.177	0.811	0.76	0.16	0.022	0.0049	0.0078	0.0042	0.079	0.19	0.666	0.76	0.033922103	0.124270801	0.268421248	0.735249322	2.855844672	0.105503651	0.094483023	0.989644358
79	2	0	Kitchenarians	61.47587447	0.257615883	57.99825883	40	15.44777871	0.976491692	0.585065388	0.41	0.674916544	0.305923258	0.033858917	8.115201769	1.378846134	0.474804307	26.29103631	0.8	0.79	0.002	0.16	0.15	0.18	0.853	0.92	0.0016	0.002024	0.135	0.009	0.03	0.027107318	0.005201347	0.085124668	0.2275624	1.014208595	0.321526127	30	59	0.144911302	1.5	14.67678777	0.9	43.78469408	2.142912363	0.659525748	0.5	14.65980082	3.086054174	1.888670996	2	0.5	292.6883	447.9877	372.9358	260.7527	146.565	1.8	2.5	2.5	2.5	2.5	3.56	0.163526963	0.3183101	101.4538211	0.717522993	0.748322344	2652	0.406627729	0.602791967	1.609946363	0.196284097	1.290297652	0.53	16.36512303	0.013	0.0238	0.0072	0.177	0.811	0.76	0.16	0.022	0.0049	0.0078	0.0042	0.079	0.19	0.666	0.76	0.034143635	0.195964159	0.325567122	0.88461704	2.396849838	0.114205992	0.125184814	0.901857217
80	2	0	Kitchenarians	57.81101057	0.192221923	27.08482166	40	17.34218527	0.831527087	1.321396287	0.41	0.762171464	0.315040117	0.031730485	10.05042527	1.377882338	0.502204242	15.85145332	0.786395834	0.776565886	0.00196599	0.171660713	0.163604166	0.196324999	0.838494558	0.90435521	0.001572792	0.001989581	0.147243749	0.00981625	0.032720833	0.02592609	0.012926807	0.098239326	0.498052688	0.894628886	0.338179265	30	59	0.120087261	1.5	15.06661489	0.9	43.84571266	2.976254806	0.706392344	0.498808664	15.90978452	1.060507998	0.581853763	1.995238542	0.498808664	292.6883	447.9877	372.9358	260.7527	146.565	1.8	2.5	2.5	2.5	2.5	3.56	0.173804443	0.366465353	135.7720866	0.77369572	0.938330343	2623.431252	0.48203436	0.77089719	2.44474039	0.217432556	1.029056174	0.53	19.81156595	0.013	0.0238	0.0072	0.177	0.811	0.76	0.163886904	0.022	0.0049	0.0078	0.0042	0.079	0.19	0.666	0.76	0.032120753	0.142328057	0.34919817	0.775990281	2.730597367	0.121333016	0.241066558	0.833825952
81	2	0	Kitchenarians	62.81224219	0.286469359	71.6003802	40	14.80754497	0.909633377	1.430889923	0.41	0.757501166	0.309858534	0.033264761	7.079318245	1.270943192	0.434396148	32.87822391	0.8	0.79	0.002	0.16	0.15	0.18	0.853	0.92	0.0016	0.002024	0.135	0.009	0.03	0.025162344	0.004192205	0.094355603	0.455298635	0.895632978	0.180489647	30	59	0.092893479	1.5	14.80908276	0.9	44.37088862	1.928493045	0.873157884	0.5	10.21633963	0.392138461	0.825285416	2	0.5	292.6883	447.9877	372.9358	260.7527	146.565	1.8	2.5	2.5	2.5	2.5	3.56	0.13769496	0.25257552	293.3604229	0.702022527	0.629134893	2652	0.283163862	0.468473244	1.515142272	0.168800262	0.654318219	0.53	12.98534043	0.013	0.0238	0.0072	0.177	0.811	0.76	0.16	0.022	0.0049	0.0078	0.0042	0.079	0.19	0.666	0.76	0.033721058	0.210280894	0.285202712	0.831901753	2.431962551	0.114496975	0.124589182	0.701022103
82	2	0	Kitchenarians	30.8541118	0.167917793	10.54923791	40	13.55526979	1.127963548	1.152244291	0.4	0.443963852	0.195701258	0.048042424	5.141624869	1.206488304	0.566414496	7.148785002	0.721098476	0.712084745	0.001802746	0.228901524	0.228901524	0.274681829	0.76887125	0.829263247	0.001442197	0.001824379	0.206011372	0.013734091	0.045780305	0.032421672	0.004466446	0.256021601	0.236800498	1.10032393	0.266413175	30	59	0.111825079	1.5	15.30213737	0.9	44.96169323	3.000166028	1.117459652	0.432295532	16.43062991	0.715631542	1.027776476	1.729238467	0.432295532	292.6883	447.9877	372.9358	260.7527	146.565	1.8	2.5	2.5	2.5	2.5	3.56	0.111249653	0.458571576	66.66189986	0.484815028	1.15286258	2505	0.197248828	0.833902743	0.926919583	0.28214509	0.348611934	0.53	12.38831512	0.013	0.0238	0.0072	0.177	0.811	0.76	0.233409145	0.022	0.0049	0.0078	0.0042	0.079	0.19	0.666	0.76	0.032998961	0.060709613	0.558485194	0.460943034	1.135335894	0.231841617	0.095719703	1.124472212
83	2	0	Kitchenarians	64.0709807	0.290768526	51.55308025	40	14.84420654	1.175906217	1.107749335	0.41	0.757651633	0.300379692	0.034439273	7.479475912	1.36446048	0.533202637	27.68167503	0.8	0.79	0.002	0.16	0.15	0.18	0.853	0.92	0.0016	0.002024	0.135	0.009	0.03	0.023098695	0.005722825	0.085127726	0.520360626	0.897583614	0.349150463	30	59	0.156370681	1.5	15.11489213	0.9	43.95480407	2.133624043	1.363836316	0.5	16.95389575	0.975954007	1.473313981	2	0.5	292.6883	447.9877	372.9358	260.7527	146.565	1.8	2.5	2.5	2.5	2.5	3.56	0.164816411	0.357030003	136.1605071	0.627302791	0.847020989	2652	0.4615132	0.679164645	2.314737756	0.185472463	0.794501128	0.53	17.81403393	0.013	0.0238	0.0072	0.177	0.811	0.76	0.16	0.022	0.0049	0.0078	0.0042	0.079	0.19	0.666	0.76	0.032087239	0.063262059	0.319954043	0.79649749	2.488896909	0.107409257	0.086542366	0.808615953
84	2	0	Kitchenarians	81.478516	0.345054604	64.82899639	40	15.36659488	0.64851974	0.764820683	0.41	0.795901501	0.330138086	0.03422366	7.755683557	1.358282068	0.505800934	45.3737811	0.8	0.79	0.002	0.16	0.15	0.18	0.853	0.92	0.0016	0.002024	0.135	0.009	0.03	0.024693929	0.004982157	0.094964276	0.40950897	1.006343697	0.406506753	30	59	0.070501169	1.5	14.74011185	0.9	45.17412487	1.982393953	0.496547107	0.5	17.62121236	1.640074431	1.177974331	2	0.5	292.6883	447.9877	372.9358	260.7527	146.565	1.8	2.5	2.5	2.5	2.5	3.56	0.133592675	0.279501539	85.24564771	0.732951394	0.70540252	2652	0.406334461	0.567586395	1.476566103	0.192629249	0.896582899	0.53	17.0272081	0.013	0.0238	0.0072	0.177	0.811	0.76	0.16	0.022	0.0049	0.0078	0.0042	0.079	0.19	0.666	0.76	0.03257969	0.131510375	0.3102326	0.836227313	3.192988502	0.110208293	0.209769984	0.744791652
85	2	0	Kitchenarians	65.10034595	0.242646246	49.76613119	40	16.37965915	0.990312181	0.84344352	0.41	0.813356267	0.328123949	0.031494288	9.100904332	1.283333668	0.485386232	18.2946163	0.8	0.79	0.002	0.16	0.15	0.18	0.853	0.92	0.0016	0.002024	0.135	0.009	0.03	0.027050578	0.006766997	0.090520571	0.285349518	0.879189322	0.569727106	30	59	0.121980005	1.5	15.2660406	0.9	44.39358645	2.098155532	0.864379043	0.5	13.48360313	3.780298433	1.562526801	2	0.5	292.6883	447.9877	372.9358	260.7527	146.565	1.8	2.5	2.5	2.5	2.5	3.56	0.175707595	0.342700286	75.02335383	0.722387454	0.901632711	2652	0.429021169	0.670417203	1.832226828	0.200083867	1.162082312	0.53	25.64225631	0.013	0.0238	0.0072	0.177	0.811	0.76	0.16	0.022	0.0049	0.0078	0.0042	0.079	0.19	0.666	0.76	0.034253772	0.259127772	0.342194844	0.869711439	2.999010894	0.110729776	0.326636048	0.922201836
86	2	0	Kitchenarians	63.4335955	0.231981617	14.93363092	40	16.53609194	0.97821127	2.407551387	0.41	0.657163169	0.25480396	0.034567468	8.599873874	1.386609269	0.519546883	22.4229811	0.729867262	0.720743921	0.001824668	0.220132738	0.220132738	0.264159286	0.778220968	0.839347351	0.001459735	0.001846564	0.198119464	0.013207964	0.044026548	0.02852078	0.007363738	0.158439679	0.418877137	1.118761843	0.463632841	30	59	0.143796918	1.5	15.27390814	0.9	45.34412829	2.668794426	0.574036643	0.493157196	16.33833786	1.812051699	1.230598457	1.972649448	0.493157196	292.6883	447.9877	372.9358	260.7527	146.565	1.8	2.5	2.5	2.5	2.5	3.56	0.150985029	0.403938575	106.4164156	0.556027732	0.986341889	2505	0.293785938	0.846921487	1.318608003	0.229464279	0.918593108	0.53	22.58585605	0.013	0.0238	0.0072	0.177	0.811	0.76	0.180796429	0.022	0.0049	0.0078	0.0042	0.079	0.19	0.666	0.76	0.034892212	0.134784444	0.449724749	0.689734789	2.374480672	0.154903131	0.199434649	0.792671516
87	2	0	Kitchenarians	61.73364792	0.230587383	31.49056078	40	16.36225664	1.033097262	0.876313339	0.41	0.77573042	0.333121657	0.032748649	9.118994299	1.285300205	0.496687566	20.07161083	0.8	0.79	0.002	0.16	0.15	0.18	0.853	0.92	0.0016	0.002024	0.135	0.009	0.03	0.023983932	0.01278114	0.092706504	0.255581404	0.924922541	0.507736123	30	59	0.099885636	1.5	15.29153961	0.9	45.77648537	2.882920167	0.914620659	0.5	11.71112487	1.098126009	0.772489539	2	0.5	292.6883	447.9877	372.9358	260.7527	146.565	1.8	2.5	2.5	2.5	2.5	3.56	0.186134127	0.375294979	72.19255251	0.584423207	0.976109585	2652	0.397351418	0.681122541	2.804073655	0.202464347	1.349859873	0.53	20.29520988	0.013	0.0238	0.0072	0.177	0.811	0.76	0.16	0.022	0.0049	0.0078	0.0042	0.079	0.19	0.666	0.76	0.031912125	0.14824704	0.360009722	0.785753379	2.636619511	0.110827799	0.185119747	0.811853632
88	2	0	Kitchenarians	70.26563598	0.360343498	72.37167334	40	13.96410629	0.958402311	0.881627205	0.41	0.678097819	0.288465734	0.031874622	6.372081219	1.243742966	0.484788208	40.89837273	0.8	0.79	0.002	0.16	0.15	0.18	0.853	0.92	0.0016	0.002024	0.135	0.009	0.03	0.025858688	0.004888401	0.095209524	0.464108871	0.958185478	0.329203166	30	59	0.090984526	1.5	14.89284753	0.9	45.74190206	1.94187662	1.445793195	0.5	9.504080556	2.302267686	1.177756257	2	0.5	292.6883	447.9877	372.9358	260.7527	146.565	1.8	2.5	2.5	2.5	2.5	3.56	0.169464638	0.256449794	79.16505079	0.73524055	0.624097901	2652	0.382432195	0.500415065	2.033458374	0.162233938	0.65875017	0.53	12.25156959	0.013	0.0238	0.0072	0.177	0.811	0.76	0.16	0.022	0.0049	0.0078	0.0042	0.079	0.19	0.666	0.76	0.035220089	0.123656245	0.27410095	0.813935724	2.720531137	0.11407552	0.097636447	0.695028429
89	2	0	Kitchenarians	53.54123971	0.209623648	73.63087352	40	15.98174047	0.877075099	0.805540244	0.41	0.763956906	0.3122902	0.030731098	7.986874607	1.317345499	0.483180986	17.52030954	0.8	0.79	0.002	0.16	0.15	0.18	0.853	0.92	0.0016	0.002024	0.135	0.009	0.03	0.025019417	0.005346656	0.083881253	0.270643878	0.991349835	0.580869067	30	59	0.072430519	1.5	14.72043656	0.9	45.38584587	1.709840394	0.979526401	0.5	32.05186188	1.179630769	0.776122218	2	0.5	292.6883	447.9877	372.9358	260.7527	146.565	1.8	2.5	2.5	2.5	2.5	3.56	0.143810777	0.246232386	200.1417072	0.675053121	0.649287838	2652	0.289033415	0.495189596	1.4796285	0.189974934	1.621046996	0.53	16.58101625	0.013	0.0238	0.0072	0.177	0.811	0.76	0.16	0.022	0.0049	0.0078	0.0042	0.079	0.19	0.666	0.76	0.032968161	0.114142142	0.290378412	0.781651855	2.885863961	0.107968366	0.212356332	0.749665913
90	2	0	Kitchenarians	61.15413923	0.288356062	77.3016679	40	14.56291738	1.010733825	0.620699195	0.41	0.648774414	0.27671476	0.0330867	6.532642175	1.184090868	0.468681323	31.91496462	0.8	0.79	0.002	0.16	0.15	0.18	0.853	0.92	0.0016	0.002024	0.135	0.009	0.03	0.025214727	0.005015868	0.090021883	0.387747735	1.025167712	0.204736618	30	59	0.089278773	1.5	15.04098959	0.9	43.63104489	1.838315268	1.142424944	0.5	10.30080876	2.516752603	0.938185682	2	0.5	292.6883	447.9877	372.9358	260.7527	146.565	1.8	2.5	2.5	2.5	2.5	3.56	0.18113771	0.228703432	203.5317793	0.579279306	0.568644111	2652	0.515907037	0.475866376	1.4097551	0.164184745	0.697258215	0.53	12.85373804	0.013	0.0238	0.0072	0.177	0.811	0.76	0.16	0.022	0.0049	0.0078	0.0042	0.079	0.19	0.666	0.76	0.034536568	0.133240206	0.284179236	0.702878383	2.714567116	0.108179939	0.211691058	0.707461902
91	2	0	Kitchenarians	29.3786516	0.162706405	8.808679929	40	13.43734923	0.833205986	1.921318892	0.4	0.400081942	0.19351505	0.050102162	4.902874354	1.237304314	0.630371668	7.791826546	0.691408318	0.682765714	0.001728521	0.258591682	0.258591682	0.310310018	0.737214119	0.795119566	0.001382817	0.001749263	0.232732514	0.015515501	0.051718336	0.029721069	0.004031278	0.270678763	0.145628776	1.137915988	0.147434659	30	59	0.136038654	1.5	15.3319767	0.9	43.56052561	3.050201817	0.690101003	0.402116416	22.29843025	2.64551902	1.523357249	1.608501837	0.402116416	292.6883	447.9877	372.9358	260.7527	146.565	1.8	2.5	2.5	2.5	2.5	3.56	0.103021595	0.465510246	163.1189557	0.415252929	1.355854578	2505	0.251399919	0.821224111	1.265918832	0.301674358	0.388703767	0.53	10.53094787	0.013	0.0238	0.0072	0.177	0.811	0.76	0.249530561	0.022	0.0049	0.0078	0.0042	0.079	0.19	0.666	0.76	0.03555507	0.089584257	0.618329475	0.444100449	0.879662856	0.246991666	0.187362208	1.133115973
92	2	0	Kitchenarians	11.01497895	0.183184506	1.310921182	40	7.754386914	0.707593076	1.001890055	0.36	0.108056006	0.048089714	0.040084333	1.456640853	1.061080715	0.862004992	3.861127426	0.6	0.5925	0.0015	0.35	0.35	0.42	0.63975	0.69	0.0012	0.001518	0.315	0.021	0.07	0.018307677	0.00103532	0.234639926	0.06722135	0.768307158	0.076133919	30	59	0.114516656	1.5	15.10074225	0.9	43.64150242	2.320529929	0.830531479	0.240998638	14.03529353	1.175706898	1.335858766	0.963991442	0.240998638	266.346353	407.668807	339.371578	237.284957	133.37415	1.638	2.275	2.275	2.275	2.275	3.2396	0.028531013	0.521166684	213.713914	0.090002392	1.184426719	2368.504084	0.066232895	0.753926882	0.44210569	0.184019174	0.177963021	0.53	2.88999829	0.013	0.0238	0.0072	0.246761426	0.820234083	0.768653394	0.316890788	0.022	0.0049	0.0078	0.0042	0.079899498	0.264885147	0.673583106	0.768653394	0.032262194	0.029456832	0.431719843	0.101192539	0.453575819	0.142902612	0.056535157	0.759908645
93	2	0	Kitchenarians	45.06990491	0.217309464	81.50104046	40	14.40137637	1.021873712	0.708392751	0.41	0.656768607	0.296041641	0.030995952	6.202081293	1.200818335	0.445187177	17.04711826	0.8	0.79	0.002	0.16	0.15	0.18	0.853	0.92	0.0016	0.002024	0.135	0.009	0.03	0.027064325	0.004966015	0.09055392	0.402799206	1.010118129	0.410064649	30	59	0.081522001	1.5	15.0354897	0.9	45.03112136	1.698870811	0.793262794	0.5	16.06931558	0.464721535	1.274377619	2	0.5	292.6883	447.9877	372.9358	260.7527	146.565	1.8	2.5	2.5	2.5	2.5	3.56	0.142471198	0.220034713	79.49547994	0.772374062	0.577327204	2652	0.396373729	0.389569481	1.81835022	0.191790771	0.767186931	0.53	11.55482262	0.013	0.0238	0.0072	0.177	0.811	0.76	0.16	0.022	0.0049	0.0078	0.0042	0.079	0.19	0.666	0.76	0.036165955	0.078240207	0.30204382	0.703736706	2.45884969	0.101470162	0.156841548	0.795630438
94	2	0	Kitchenarians	9.097885522	0.159089366	1.163936686	40	7.562226104	0.883115862	1.535643423	0.36	0.100189256	0.047935374	0.039287755	1.39950338	1.033857116	0.74397929	2.575999848	0.6	0.5925	0.0015	0.35	0.35	0.42	0.63975	0.69	0.0012	0.001518	0.315	0.021	0.07	0.015881207	0.001050577	0.260524546	0.048656308	0.726670637	0.045596518	30	59	0.089590501	1.5	15.55047402	0.9	46.12706436	2.024235425	3.455043655	0.237278828	13.8943889	0.639215554	1.074093102	0.949113671	0.237278828	266.346353	407.668807	339.371578	237.284957	133.37415	1.638	2.275	2.275	2.275	2.275	3.2396	0.022980128	0.516249368	141.5431396	0.114288165	1.187542225	2363.065657	0.06312331	0.834327607	0.500975285	0.183929184	0.227440434	0.53	2.379004077	0.013	0.0238	0.0072	0.249540941	0.820601998	0.768998173	0.318360633	0.022	0.0049	0.0078	0.0042	0.079935336	0.267868807	0.673885241	0.768998173	0.033891555	0.010005257	0.441982524	0.102831467	0.364658611	0.156203494	0.05979041	0.76496478
95	2	0	Kitchenarians	76.11000506	0.302217328	56.14643686	40	15.86942511	0.926556776	0.668725281	0.41	0.785430725	0.322485699	0.030031282	8.387969161	1.241493415	0.509100179	38.4149114	0.8	0.79	0.002	0.16	0.15	0.18	0.853	0.92	0.0016	0.002024	0.135	0.009	0.03	0.024905283	0.005378942	0.095591971	0.438408028	0.941069226	0.416304867	30	59	0.122375543	1.5	15.54740065	0.9	44.78561335	2.262113553	1.355747929	0.5	11.56230914	0.649711896	1.165870138	2	0.5	292.6883	447.9877	372.9358	260.7527	146.565	1.8	2.5	2.5	2.5	2.5	3.56	0.176641636	0.329097479	79.17203107	0.651261819	0.77725211	2652	0.482532649	0.57816423	1.502235407	0.188742195	0.88211954	0.53	18.15028311	0.013	0.0238	0.0072	0.177	0.811	0.76	0.16	0.022	0.0049	0.0078	0.0042	0.079	0.19	0.666	0.76	0.032891339	0.103040219	0.32978588	0.792222696	3.183285639	0.109052982	0.174000103	0.872205144
96	2	0	Kitchenarians	62.55908264	0.270392058	62.72298473	40	15.21066566	0.841741716	1.003701931	0.41	0.696560805	0.347026204	0.032129945	7.741822275	1.34894638	0.469220706	23.65530559	0.8	0.79	0.002	0.16	0.15	0.18	0.853	0.92	0.0016	0.002024	0.135	0.009	0.03	0.023714613	0.005369021	0.088625924	0.48205371	0.872032959	0.36201419	30	59	0.154041197	1.5	14.68541377	0.9	45.50634253	2.27680179	2.877233938	0.5	29.56322098	0.841966281	0.639677707	2	0.5	292.6883	447.9877	372.9358	260.7527	146.565	1.8	2.5	2.5	2.5	2.5	3.56	0.177998594	0.281929547	226.7313433	0.737865747	0.713985614	2652	0.443369565	0.545070156	1.591475247	0.174193614	0.651544566	0.53	20.47494106	0.013	0.0238	0.0072	0.177	0.811	0.76	0.16	0.022	0.0049	0.0078	0.0042	0.079	0.19	0.666	0.76	0.034956587	0.244051771	0.293897254	0.782778953	2.675409408	0.111925544	0.140549555	0.829365367
97	2	0	Kitchenarians	57.00308264	0.220912114	42.07485157	40	16.06347144	1.319485343	0.775016679	0.41	0.766998727	0.304413614	0.031252268	8.846198743	1.3153281	0.492641805	14.14187612	0.8	0.79	0.002	0.16	0.15	0.18	0.853	0.92	0.0016	0.002024	0.135	0.009	0.03	0.026499075	0.01120155	0.080224635	0.163298761	0.887104918	0.30414768	30	59	0.174165869	1.5	15.08562875	0.9	42.57020621	2.796135784	0.927419191	0.5	17.12460928	0.996823949	1.080746493	2	0.5	292.6883	447.9877	372.9358	260.7527	146.565	1.8	2.5	2.5	2.5	2.5	3.56	0.160041015	0.334252077	120.811675	0.581949724	0.925498803	2652	0.418103395	0.718286375	2.150385041	0.213568453	1.1874088	0.53	22.85359567	0.013	0.0238	0.0072	0.177	0.811	0.76	0.16	0.022	0.0049	0.0078	0.0042	0.079	0.19	0.666	0.76	0.03417937	0.178876819	0.316891993	0.844487844	2.549689331	0.102421416	0.225081702	0.902293754
98	2	0	Kitchenarians	50.50725114	0.237365455	86.07451193	40	14.58707141	0.904954965	0.682659755	0.41	0.697340447	0.283789256	0.032426616	6.37142904	1.156785117	0.383161107	23.73990055	0.8	0.79	0.002	0.16	0.15	0.18	0.853	0.92	0.0016	0.002024	0.135	0.009	0.03	0.027347446	0.005071812	0.09207564	0.340134408	1.189840306	0.325124625	30	59	0.11712213	1.5	15.06104259	0.9	43.01977309	1.734083025	0.809462987	0.5	50.10477002	1.1455742	1.001974896	2	0.5	292.6883	447.9877	372.9358	260.7527	146.565	1.8	2.5	2.5	2.5	2.5	3.56	0.16489758	0.191562023	232.558189	0.752810581	0.507226544	2652	0.410448657	0.403052576	1.062726637	0.158410886	0.588869263	0.53	11.34482808	0.013	0.0238	0.0072	0.177	0.811	0.76	0.16	0.022	0.0049	0.0078	0.0042	0.079	0.19	0.666	0.76	0.032022077	0.107717838	0.227018437	0.698113419	2.368827603	0.11144936	0.088436225	0.833263438
99	2	0	Kitchenarians	74.36218564	0.261092545	41.00392938	40	16.87636218	0.756188212	1.061377567	0.41	0.777024189	0.336937178	0.035305176	9.858078806	1.353960279	0.516298217	27.13551083	0.8	0.79	0.002	0.16	0.15	0.18	0.853	0.92	0.0016	0.002024	0.135	0.009	0.03	0.02629571	0.013644378	0.084550575	0.332991806	0.810244706	0.288492587	30	59	0.182157417	1.5	14.975254	0.9	43.81369857	2.641377741	0.419710772	0.5	14.03282005	1.04715676	0.745897817	2	0.5	292.6883	447.9877	372.9358	260.7527	146.565	1.8	2.5	2.5	2.5	2.5	3.56	0.179621386	0.354591975	162.2558704	0.80809773	0.953059019	2652	0.439129745	0.675409359	1.85876876	0.201145421	1.384302138	0.53	25.04797904	0.013	0.0238	0.0072	0.177	0.811	0.76	0.16	0.022	0.0049	0.0078	0.0042	0.079	0.19	0.666	0.76	0.031397775	0.140619385	0.379404206	0.861916805	3.155547156	0.114449381	0.38956344	0.935866169
