#Project: simplePksimProj,,,,,,,,,,,,,,,,,,,,,,,,,,,,,,,,,,,,,,,,,,,,,,,,,,,,,,,,,,,,,,,,,,,,,,,,,,,,,,,,,,,,,,,,,,,,,,,,,,,
#PK-Sim version: 8.0.22,,,,,,,,,,,,,,,,,,,,,,,,,,,,,,,,,,,,,,,,,,,,,,,,,,,,,,,,,,,,,,,,,,,,,,,,,,,,,,,,,,,,,,,,,,,,,,,,,,,
IndividualId,Gender,RaceIndex,Population Name,Organism|Weight [kg],Organism|BMI [kg/dm²],Organism|Age [year(s)],Organism|Gestational age [week(s)],Organism|Height [dm],Organism|Ontogeny factor (albumin),Organism|Ontogeny factor (alpha1-acid glycoprotein),Organism|Hematocrit,Organism|VenousBlood|Volume [l],Organism|ArterialBlood|Volume [l],Organism|Bone|Specific blood flow rate [l/min/kg organ],Organism|Bone|Volume [l],Organism|Brain|Volume [l],Organism|Brain|Specific blood flow rate [l/min/kg organ],Organism|Fat|Volume [l],Organism|Fat|Vf (lipid),Organism|Fat|Vf (neutral lipid)-PT,Organism|Fat|Vf (phospholipid)-PT,Organism|Fat|Fraction interstitial,Organism|Fat|Vf (water),Organism|Fat|Vf (water)-PT,Organism|Fat|Vf (neutral lipid)-RR,Organism|Fat|Vf (neutral lipid)-WS,Organism|Fat|Vf (neutral phospholipid)-RR,"Organism|Fat|Vf (neutral phospholipid, plasma)-WS",Organism|Fat|Vf (extracellular water)-RR,Organism|Fat|Vf (intracellular water)-RR,Organism|Fat|Vf (water)-WS,Organism|Fat|Specific blood flow rate [l/min/kg organ],Organism|Gonads|Volume [l],Organism|Gonads|Specific blood flow rate [l/min/kg organ],Organism|Heart|Volume [l],Organism|Heart|Specific blood flow rate [l/min/kg organ],Organism|Kidney|Volume [l],Organism|Kidney|Age of aging onset [year(s)],Organism|Kidney|Aging half-time [year(s)],Organism|Kidney|GFRmat [l/min],Organism|Kidney|Hill coefficient for aging GFR,Organism|Kidney|Hill coefficient for GFR,Organism|Kidney|Maximal decreasing rate factor,Organism|Kidney|TM50 for GFR [week(s)],Organism|Kidney|Specific blood flow rate [l/min/kg organ],Organism|Lumen|Effective surface area variability factor,Organism|Lumen|Stomach|Distal radius [dm],Organism|Lumen|Stomach|Gastric emptying time [min],Organism|Lumen|Stomach|GET_alpha (Weibull function) variability factor,Organism|Lumen|Stomach|GET_beta (Weibull function) variability factor,Organism|Lumen|Stomach|Length [dm],Organism|Lumen|Stomach|Proximal radius [dm],Organism|Lumen|Duodenum|Effective surface area enhancement factor,Organism|Lumen|UpperJejunum|Effective surface area enhancement factor,Organism|Lumen|LowerJejunum|Effective surface area enhancement factor,Organism|Lumen|UpperIleum|Effective surface area enhancement factor,Organism|Lumen|LowerIleum|Effective surface area enhancement factor,Organism|Lumen|Caecum|Effective surface area enhancement factor,Organism|Lumen|ColonAscendens|Effective surface area enhancement factor,Organism|Lumen|ColonTransversum|Effective surface area enhancement factor,Organism|Lumen|ColonDescendens|Effective surface area enhancement factor,Organism|Lumen|ColonSigmoid|Effective surface area enhancement factor,Organism|Lumen|Rectum|Effective surface area enhancement factor,Organism|Stomach|Volume [l],Organism|Stomach|Specific blood flow rate [l/min/kg organ],Organism|SmallIntestine|Small intestinal transit time [min],Organism|SmallIntestine|Volume [l],Organism|SmallIntestine|Specific blood flow rate [l/min/kg organ],Organism|LargeIntestine|Large intestinal transit time [min],Organism|LargeIntestine|Volume [l],Organism|LargeIntestine|Specific blood flow rate [l/min/kg organ],Organism|Liver|Volume [l],Organism|Liver|Specific blood flow rate [l/min/kg organ],Organism|Lung|Volume [l],Organism|Lung|Fraction vascular,Organism|Muscle|Volume [l],Organism|Muscle|Vf (lipid),Organism|Muscle|Vf (neutral lipid)-PT,Organism|Muscle|Vf (phospholipid)-PT,Organism|Muscle|Vf (protein),Organism|Muscle|Vf (water),Organism|Muscle|Vf (water)-PT,Organism|Muscle|Fraction interstitial,Organism|Muscle|Vf (neutral lipid)-RR,Organism|Muscle|Vf (neutral lipid)-WS,Organism|Muscle|Vf (neutral phospholipid)-RR,"Organism|Muscle|Vf (neutral phospholipid, plasma)-WS",Organism|Muscle|Vf (extracellular water)-RR,Organism|Muscle|Vf (protein)-WS,Organism|Muscle|Vf (intracellular water)-RR,Organism|Muscle|Vf (water)-WS,Organism|Muscle|Specific blood flow rate [l/min/kg organ],Organism|Pancreas|Volume [l],Organism|Pancreas|Specific blood flow rate [l/min/kg organ],Organism|PortalVein|Volume [l],Organism|Skin|Volume [l],Organism|Skin|Specific blood flow rate [l/min/kg organ],Organism|Spleen|Volume [l],Organism|Spleen|Specific blood flow rate [l/min/kg organ]
0,1,0,Kitchenarians,54.07486968,0.205116924,17.89380988,40,16.23667107,1.123217623,0.936373849,0.43,0.777845325,0.369018919,0.036475237,8.945342356,1.525789342,0.554637092,9.202991972,0.743504446,0.734210641,0.001858761,0.20842476,0.206495554,0.247794665,0.792761616,0.855030113,0.001487009,0.001881066,0.185845999,0.012389733,0.041299111,0.032495644,0.022197962,0.157322587,0.417712974,0.774040536,0.502731333,30,54,0.115979086,1.5,14.59612589,0.9,44.05189233,3.529145501,1.416410121,0.479362981,21.91111453,1.411382903,0.991782485,1.917435783,0.479362981,292.6883,447.9877,372.9358,260.7527,146.565,1.8,2.5,2.5,2.5,2.5,3.56,0.120313247,0.432782579,54.60599257,0.567568929,0.987289422,2533.359337,0.233335485,0.790327995,2.577008708,0.192571486,0.820978305,0.58,24.46380706,0.013,0.0238,0.0072,0.177,0.811,0.76,0.176141587,0.022,0.0049,0.0078,0.0042,0.079,0.19,0.666,0.76,0.034422788,0.11216841,0.381357665,0.850691956,2.34257897,0.118162865,0.222788426,0.886926574
1,1,0,Kitchenarians,81.26381027,0.298547055,91.42417558,40,16.49841392,0.950778235,1.333616277,0.47,0.870332186,0.347431998,0.030273912,9.199164991,1.393726599,0.463782273,35.63628159,0.8,0.79,0.002,0.16,0.15,0.18,0.853,0.92,0.0016,0.002024,0.135,0.009,0.03,0.021032618,0.029497472,0.082071998,0.549161016,0.761778081,0.359266428,30,54,0.098757393,1.5,14.85021713,0.9,43.6877738,1.149202731,3.007217145,0.5,16.80990909,1.053017092,1.067856658,2,0.5,292.6883,447.9877,372.9358,260.7527,146.565,1.8,2.5,2.5,2.5,2.5,3.56,0.129649714,0.161398561,48.37453979,0.712945037,0.362757578,2652,0.456607802,0.256457726,0.822194525,0.116269476,0.883066632,0.58,24.74249106,0.013,0.0238,0.0072,0.177,0.811,0.76,0.16,0.022,0.0049,0.0078,0.0042,0.079,0.19,0.666,0.76,0.034363123,0.130082456,0.18973197,0.778793832,4.115055048,0.092032603,0.108061884,0.660051936
2,1,0,Kitchenarians,84.7171355,0.277311657,92.04065692,40,17.47839574,1.436592299,1.162264952,0.47,0.826287978,0.380828186,0.025245063,10.19253212,1.269320646,0.422148792,34.68960366,0.8,0.79,0.002,0.16,0.15,0.18,0.853,0.92,0.0016,0.002024,0.135,0.009,0.03,0.023556597,0.029954656,0.071346203,0.548560493,0.816807401,0.335368337,30,54,0.121906084,1.5,15.54963446,0.9,45.33202667,1.171103213,2.057061801,0.5,9.299803075,0.735776255,1.346004206,2,0.5,292.6883,447.9877,372.9358,260.7527,146.565,1.8,2.5,2.5,2.5,2.5,3.56,0.227979755,0.161370697,76.94668434,0.823999499,0.344517307,2652,0.337594901,0.258524434,0.684933003,0.133568931,1.353557685,0.58,28.29253189,0.013,0.0238,0.0072,0.177,0.811,0.76,0.16,0.022,0.0049,0.0078,0.0042,0.079,0.19,0.666,0.76,0.032654054,0.12872028,0.170429106,0.833097117,3.65291134,0.095094412,0.109353961,0.592251482
3,1,0,Kitchenarians,98.70059953,0.303881061,76.1977815,40,18.02221133,1.10892856,0.963895353,0.47,0.946161674,0.416320107,0.027544262,11.52679075,1.367064504,0.445823003,40.90071324,0.8,0.79,0.002,0.16,0.15,0.18,0.853,0.92,0.0016,0.002024,0.135,0.009,0.03,0.023367338,0.033370658,0.07926096,0.586720213,0.748652234,0.221884602,30,54,0.135746171,1.5,15.14509758,0.9,44.21861932,1.494103281,1.233325552,0.5,44.40706968,0.750462926,0.825607881,2,0.5,292.6883,447.9877,372.9358,260.7527,146.565,1.8,2.5,2.5,2.5,2.5,3.56,0.16022422,0.200233887,114.1515679,0.737590028,0.474161844,2652,0.394101991,0.377293297,1.156011849,0.139127769,1.832005599,0.58,33.27107594,0.013,0.0238,0.0072,0.177,0.811,0.76,0.16,0.022,0.0049,0.0078,0.0042,0.079,0.19,0.666,0.76,0.033082887,0.189686462,0.245824063,0.870600893,4.011759454,0.090759708,0.078517347,0.565904919
4,1,0,Kitchenarians,80.03448892,0.259178976,67.63819091,40,17.57270842,0.81282305,0.824352787,0.47,0.945894485,0.414519121,0.029290183,11.3549767,1.467395055,0.458469077,22.74244545,0.8,0.79,0.002,0.16,0.15,0.18,0.853,0.92,0.0016,0.002024,0.135,0.009,0.03,0.023019141,0.034956665,0.079937316,0.245989989,0.657429379,0.480277966,30,54,0.098291447,1.5,14.93247882,0.9,44.20649995,1.661891101,0.813067857,0.5,11.16886441,0.619786018,0.87587161,2,0.5,292.6883,447.9877,372.9358,260.7527,146.565,1.8,2.5,2.5,2.5,2.5,3.56,0.120533936,0.259882423,58.0399237,0.728212133,0.561177483,2652,0.482876458,0.440007095,1.686796157,0.174929482,1.766355427,0.58,32.18606655,0.013,0.0238,0.0072,0.177,0.811,0.76,0.16,0.022,0.0049,0.0078,0.0042,0.079,0.19,0.666,0.76,0.031932621,0.158069338,0.274835042,0.883028767,3.873240578,0.090291102,0.462854149,0.793544263
5,1,0,Kitchenarians,68.11501404,0.230761281,55.40319642,40,17.18066442,0.755332272,0.98028261,0.47,0.934706075,0.424218819,0.026371981,10.9643633,1.435410446,0.461979912,15.34279909,0.8,0.79,0.002,0.16,0.15,0.18,0.853,0.92,0.0016,0.002024,0.135,0.009,0.03,0.023157948,0.033769731,0.080587467,0.493263389,0.668322783,0.353616202,30,54,0.108353697,1.5,15.26782375,0.9,43.65343126,2.2282133,1.461475175,0.5,11.00070386,0.355433036,1.963951663,2,0.5,292.6883,447.9877,372.9358,260.7527,146.565,1.8,2.5,2.5,2.5,2.5,3.56,0.183542375,0.356769105,155.5545524,0.755856627,0.82549133,2652,0.488052042,0.579024037,3.575835842,0.181534231,1.552769699,0.58,26.67056295,0.013,0.0238,0.0072,0.177,0.811,0.76,0.16,0.022,0.0049,0.0078,0.0042,0.079,0.19,0.666,0.76,0.035005064,0.157134357,0.340380043,0.923436473,3.624149719,0.08181406,0.201526897,0.821423287
6,1,0,Kitchenarians,61.71907588,0.23124466,93.9318384,40,16.337058,0.953398016,0.890717841,0.47,0.813272149,0.335025418,0.029354716,9.052567518,1.374589285,0.427668495,22.33414222,0.8,0.79,0.002,0.16,0.15,0.18,0.853,0.92,0.0016,0.002024,0.135,0.009,0.03,0.018576753,0.029945386,0.081726842,0.486134536,0.819634798,0.326827879,30,54,0.112692869,1.5,15.04556013,0.9,43.18716826,0.996042731,1.515269104,0.5,7.497359137,1.036943191,1.055111615,2,0.5,292.6883,447.9877,372.9358,260.7527,146.565,1.8,2.5,2.5,2.5,2.5,3.56,0.149948551,0.152274837,214.9265388,0.873042263,0.368138186,2652,0.37326013,0.241878063,1.126310976,0.130366125,0.989205204,0.58,19.35638366,0.013,0.0238,0.0072,0.177,0.811,0.76,0.16,0.022,0.0049,0.0078,0.0042,0.079,0.19,0.666,0.76,0.032691818,0.145351859,0.173713859,0.750020615,3.107591425,0.085247322,0.095456813,0.627874414
7,1,0,Kitchenarians,80.95914061,0.255937446,43.11668079,40,17.78549796,1.031143806,0.855770804,0.47,0.901674432,0.444508237,0.029511543,12.07272615,1.467733039,0.511293527,22.36307826,0.8,0.79,0.002,0.16,0.15,0.18,0.853,0.92,0.0016,0.002024,0.135,0.009,0.03,0.024135881,0.041668375,0.079456901,0.433771524,0.662042384,0.354477886,30,54,0.05798694,1.5,14.90830115,0.9,43.59438376,2.775256181,0.624670644,0.5,19.84926545,2.826157022,0.745271169,2,0.5,292.6883,447.9877,372.9358,260.7527,146.565,1.8,2.5,2.5,2.5,2.5,3.56,0.161764908,0.336417396,75.77222784,0.789226893,0.913845076,2652,0.420319453,0.642312011,2.507956119,0.186847148,1.297257459,0.58,32.13401983,0.013,0.0238,0.0072,0.177,0.811,0.76,0.16,0.022,0.0049,0.0078,0.0042,0.079,0.19,0.666,0.76,0.036722358,0.1745471,0.342662311,0.959337594,4.157367049,0.086097473,0.277706307,0.817396047
8,1,0,Kitchenarians,66.01890744,0.241782742,43.90270461,40,16.52424089,1.231438519,2.236524493,0.47,0.921658435,0.409240451,0.026935664,10.39380352,1.549393515,0.505995838,14.72499725,0.8,0.79,0.002,0.16,0.15,0.18,0.853,0.92,0.0016,0.002024,0.135,0.009,0.03,0.021582983,0.038649556,0.085490591,0.445880723,0.571255965,0.562845825,30,54,0.075889206,1.5,15.0146488,0.9,45.20329278,2.736071993,0.759897927,0.5,17.89172523,0.509445542,1.096123328,2,0.5,292.6883,447.9877,372.9358,260.7527,146.565,1.8,2.5,2.5,2.5,2.5,3.56,0.100326307,0.410629127,150.3813732,0.722033006,0.851968524,2652,0.372941426,0.602118639,2.248721578,0.186417122,1.3480787,0.58,27.07894844,0.013,0.0238,0.0072,0.177,0.811,0.76,0.16,0.022,0.0049,0.0078,0.0042,0.079,0.19,0.666,0.76,0.03327684,0.21789348,0.348166384,0.847667483,3.753840354,0.087842445,0.281987387,0.837220948
9,1,0,Kitchenarians,72.89997637,0.268462985,61.3656238,40,16.47864456,1.00087351,0.834777022,0.47,0.823192312,0.38219767,0.027260242,10.26168469,1.526251133,0.451058606,19.07754628,0.8,0.79,0.002,0.16,0.15,0.18,0.853,0.92,0.0016,0.002024,0.135,0.009,0.03,0.023279732,0.032016642,0.088777031,0.414620606,0.68599693,0.384211696,30,54,0.142252906,1.5,14.84924359,0.9,45.02240124,1.990387914,1.220234851,0.5,10.01817087,1.207591106,1.548161335,2,0.5,292.6883,447.9877,372.9358,260.7527,146.565,1.8,2.5,2.5,2.5,2.5,3.56,0.155379768,0.325277777,77.47587718,0.693593119,0.684612517,2652,0.313104191,0.521709368,1.972094804,0.184832775,1.213596283,0.58,30.86688992,0.013,0.0238,0.0072,0.177,0.811,0.76,0.16,0.022,0.0049,0.0078,0.0042,0.079,0.19,0.666,0.76,0.03411149,0.243230466,0.316625685,0.837415728,3.48318489,0.082760364,0.21976617,0.840151466
10,1,0,Kitchenarians,49.61849051,0.247566286,14.26462425,40,14.1571562,0.880121843,0.856624225,0.43,0.680192352,0.293933228,0.036022914,6.274561864,1.42279537,0.546956978,16.42340697,0.728529248,0.719422633,0.001821323,0.221470752,0.221470752,0.265764902,0.776794311,0.837808636,0.001457058,0.001843179,0.199323676,0.013288245,0.04429415,0.031113907,0.014063304,0.308591474,0.206711113,0.972427816,0.261223171,30,54,0.133317964,1.5,14.77111147,0.9,43.24504933,3.956142795,1.187327897,0.462313949,11.07715167,0.530006431,1.400130081,1.849238738,0.462313949,292.6883,447.9877,372.9358,260.7527,146.565,1.8,2.5,2.5,2.5,2.5,3.56,0.102951039,0.468639904,247.3703922,0.403466539,1.108101433,2505,0.387158864,0.749065923,0.773228407,0.244829628,0.794902479,0.58,18.90283892,0.013,0.0238,0.0072,0.177,0.811,0.76,0.188824509,0.022,0.0049,0.0078,0.0042,0.079,0.19,0.666,0.76,0.032997066,0.140208966,0.439434373,0.715813283,1.662471222,0.158130421,0.158563417,1.017244126
11,1,0,Kitchenarians,66.45925518,0.255854903,91.50950336,40,16.11687595,0.880160561,0.906925221,0.47,0.795507462,0.344209546,0.028883535,8.677875505,1.462490175,0.411727377,24.04804055,0.8,0.79,0.002,0.16,0.15,0.18,0.853,0.92,0.0016,0.002024,0.135,0.009,0.03,0.023433366,0.030144941,0.082988296,0.400923338,0.682875265,0.384699971,30,54,0.11742837,1.5,14.48845266,0.9,43.49630106,0.973104094,1.188524692,0.5,11.85442723,1.486077525,1.144024936,2,0.5,292.6883,447.9877,372.9358,260.7527,146.565,1.8,2.5,2.5,2.5,2.5,3.56,0.181432109,0.160030265,208.8090489,0.777010748,0.398748032,2652,0.361546943,0.236894067,1.13151532,0.127928861,0.730869066,0.58,22.53503769,0.013,0.0238,0.0072,0.177,0.811,0.76,0.16,0.022,0.0049,0.0078,0.0042,0.079,0.19,0.666,0.76,0.036654785,0.180648996,0.184213202,0.767841947,3.589732684,0.085069383,0.059728189,0.561173291
12,1,0,Kitchenarians,80.72310991,0.258511346,42.23562332,40,17.67091909,1.129911133,1.282794552,0.47,0.842862124,0.460288354,0.02673827,12.1481847,1.502399193,0.487819489,24.54701491,0.8,0.79,0.002,0.16,0.15,0.18,0.853,0.92,0.0016,0.002024,0.135,0.009,0.03,0.021656667,0.042995308,0.080564164,0.356995301,0.613790367,0.438912361,30,54,0.12440878,1.5,14.8908846,0.9,45.33595136,2.799554724,2.394753395,0.5,9.208457673,0.506859095,0.807637978,2,0.5,292.6883,447.9877,372.9358,260.7527,146.565,1.8,2.5,2.5,2.5,2.5,3.56,0.17884968,0.385329706,96.73152874,0.669871516,0.961986994,2652,0.38442778,0.616504704,2.63930498,0.191133396,2.153085845,0.58,29.09738969,0.013,0.0238,0.0072,0.177,0.811,0.76,0.16,0.022,0.0049,0.0078,0.0042,0.079,0.19,0.666,0.76,0.032126579,0.201481722,0.361107229,0.808351556,3.863742028,0.086969536,0.386952858,0.919685484
13,1,0,Kitchenarians,58.01237344,0.216726546,23.74048332,40,16.36078971,0.758813932,1.486973246,0.449134944,0.867806176,0.405548023,0.028817083,9.497725484,1.40079064,0.518233068,11.3402668,0.770788922,0.761154061,0.001926972,0.185038067,0.179211078,0.215053293,0.821853688,0.88640726,0.001541578,0.001950096,0.16128997,0.010752665,0.035842216,0.023201046,0.030464804,0.127483394,0.390974143,0.656505878,0.460267895,30,54,0.15030839,1.5,14.93866894,0.9,43.81597141,3.583350022,1.566576416,0.489329611,16.37519867,1.419550005,1.851545041,1.957310096,0.489329611,292.6883,447.9877,372.9358,260.7527,146.565,1.8,2.5,2.5,2.5,2.5,3.56,0.138763489,0.394274784,106.6652104,0.500394104,0.952314618,2590.656737,0.607860318,0.698380439,1.870312763,0.201233982,1.214661294,0.58,25.34707721,0.013,0.0238,0.0072,0.177,0.811,0.76,0.168346022,0.022,0.0049,0.0078,0.0042,0.079,0.19,0.666,0.76,0.03361207,0.135348424,0.372052716,0.896933261,2.687260055,0.104633261,0.219918558,0.836025753
14,1,0,Kitchenarians,81.75896564,0.242013492,23.97269407,40,18.38010151,1.041960118,0.879167243,0.44990898,0.921321525,0.445442488,0.030950622,12.17398666,1.434356272,0.515957956,18.0841532,0.771872572,0.762224165,0.001929681,0.184109224,0.178127428,0.213752913,0.82300913,0.887653458,0.001543745,0.001952838,0.160314685,0.010687646,0.035625486,0.026244955,0.032277723,0.113153468,0.438827138,0.674329874,0.399231263,30,54,0.096475515,1.5,14.70720687,0.9,44.50315964,3.25173755,1.347795727,0.489725452,21.44805976,1.161332414,1.355436828,1.958893774,0.489725452,292.6883,447.9877,372.9358,260.7527,146.565,1.8,2.5,2.5,2.5,2.5,3.56,0.137878742,0.421546775,173.3634941,0.563515465,0.958268546,2592.932402,0.275532562,0.683970218,1.889489494,0.202800211,0.888119394,0.58,39.12415231,0.013,0.0238,0.0072,0.177,0.811,0.76,0.168036408,0.022,0.0049,0.0078,0.0042,0.079,0.19,0.666,0.76,0.034405023,0.20742303,0.352479304,1.005557384,3.519797434,0.11168128,0.217903563,0.893244603
15,1,0,Kitchenarians,73.25675948,0.288227281,84.58693488,40,15.94249574,0.93833244,1.459012008,0.47,0.815919116,0.388669368,0.027909348,8.83161552,1.477107996,0.416329426,27.45966533,0.8,0.79,0.002,0.16,0.15,0.18,0.853,0.92,0.0016,0.002024,0.135,0.009,0.03,0.023631155,0.029725533,0.088585017,0.434305702,0.767022124,0.582044356,30,54,0.166799352,1.5,14.95246773,0.9,45.20965627,1.280563445,1.395661162,0.5,7.741914562,0.858028627,1.333547058,2,0.5,292.6883,447.9877,372.9358,260.7527,146.565,1.8,2.5,2.5,2.5,2.5,3.56,0.14468093,0.175074601,114.2361001,0.745633235,0.392147315,2652,0.443390984,0.292658946,1.352433786,0.151301942,1.120191969,0.58,24.66035236,0.013,0.0238,0.0072,0.177,0.811,0.76,0.16,0.022,0.0049,0.0078,0.0042,0.079,0.19,0.666,0.76,0.033212444,0.120448325,0.203006327,0.810592182,3.653123368,0.085559112,0.18685943,0.57075926
16,1,0,Kitchenarians,80.21131361,0.281982769,71.40858712,40,16.86578381,0.884169495,0.780218692,0.47,0.912607754,0.387461425,0.030419277,10.67138082,1.435498704,0.443750943,23.73541232,0.8,0.79,0.002,0.16,0.15,0.18,0.853,0.92,0.0016,0.002024,0.135,0.009,0.03,0.02398913,0.032550663,0.079858343,0.522081832,0.682619817,0.501230799,30,54,0.135079046,1.5,15.21531071,0.9,45.40258378,1.578439259,0.637949445,0.5,4.594737043,2.70246001,1.047083979,2,0.5,292.6883,447.9877,372.9358,260.7527,146.565,1.8,2.5,2.5,2.5,2.5,3.56,0.172436853,0.248569892,242.6448245,0.750457989,0.62080741,2652,0.467133269,0.437906443,1.652514708,0.15911068,1.51475055,0.58,32.52224174,0.013,0.0238,0.0072,0.177,0.811,0.76,0.16,0.022,0.0049,0.0078,0.0042,0.079,0.19,0.666,0.76,0.036430629,0.203633943,0.269386524,0.813852793,3.730688179,0.091893208,0.185379267,0.700147035
17,1,0,Kitchenarians,93.1609741,0.358292136,53.10470562,40,16.12494985,0.959865281,1.231137331,0.47,0.853247611,0.392234364,0.028907642,9.858283427,1.42216387,0.446947699,40.37456546,0.8,0.79,0.002,0.16,0.15,0.18,0.853,0.92,0.0016,0.002024,0.135,0.009,0.03,0.021218007,0.031750754,0.080874087,0.358778174,0.648294022,0.517517417,30,54,0.068668285,1.5,15.17342426,0.9,45.04870666,2.424721763,0.837858678,0.5,23.72126839,1.168872079,1.146937806,2,0.5,292.6883,447.9877,372.9358,260.7527,146.565,1.8,2.5,2.5,2.5,2.5,3.56,0.151067271,0.40263986,98.63136259,0.628178178,0.861971484,2652,0.327973022,0.556175481,2.673612496,0.178979529,1.044080804,0.58,29.53076919,0.013,0.0238,0.0072,0.177,0.811,0.76,0.16,0.022,0.0049,0.0078,0.0042,0.079,0.19,0.666,0.76,0.032532336,0.206692845,0.346998009,0.827304848,3.856301521,0.085216794,0.106452854,0.832200103
18,1,0,Kitchenarians,68.30456354,0.212303674,21.94285091,40,17.93684706,0.772050132,0.98964361,0.443142836,0.965056483,0.431656846,0.031473875,11.20914931,1.49853294,0.532917563,12.20398641,0.762399971,0.752869971,0.001906,0.192228596,0.187600029,0.225120035,0.812908969,0.876759967,0.0015248,0.001928872,0.168840026,0.011256002,0.037520006,0.030571592,0.028244419,0.130499209,0.348911879,0.749571361,0.530272754,30,54,0.124779834,1.5,15.08728386,0.9,45.66075347,3.438228269,1.279460487,0.486265247,5.874303385,0.903814893,0.926935384,1.945050243,0.486265247,292.6883,447.9877,372.9358,260.7527,146.565,1.8,2.5,2.5,2.5,2.5,3.56,0.141362092,0.440886614,103.6394032,0.678440084,0.909328107,2573.039939,0.376914279,0.672111311,1.516420639,0.202952424,1.148757295,0.58,32.75399242,0.013,0.0238,0.0072,0.177,0.811,0.76,0.170742865,0.022,0.0049,0.0078,0.0042,0.079,0.19,0.666,0.76,0.034177116,0.180478245,0.353612612,0.990807202,2.892481707,0.121547329,0.409098533,0.866970118
19,1,0,Kitchenarians,83.84722828,0.262853692,39.41970069,40,17.86024101,1.092878419,1.393662659,0.47,0.914876132,0.444998789,0.028556423,12.34006643,1.497833204,0.487107755,26.24176357,0.8,0.79,0.002,0.16,0.15,0.18,0.853,0.92,0.0016,0.002024,0.135,0.009,0.03,0.021270651,0.039018913,0.074401945,0.501383654,0.67079251,0.581749066,30,54,0.119691231,1.5,15.12324655,0.9,45.14574271,2.934001957,0.921577904,0.5,19.69054884,2.361173795,0.893202776,2,0.5,292.6883,447.9877,372.9358,260.7527,146.565,1.8,2.5,2.5,2.5,2.5,3.56,0.194561186,0.357947996,44.78117217,0.808134855,0.872434757,2652,0.447592686,0.628228509,2.827304044,0.170793205,1.250219609,0.58,30.33800419,0.013,0.0238,0.0072,0.177,0.811,0.76,0.16,0.022,0.0049,0.0078,0.0042,0.079,0.19,0.666,0.76,0.034451078,0.281361952,0.359218262,0.960909267,3.971810505,0.089800642,0.205640232,0.980763635
20,1,0,Kitchenarians,66.86560859,0.236645104,73.870362,40,16.80941655,1.037499521,0.957905458,0.47,0.892386609,0.363645649,0.027674048,10.27809432,1.351604169,0.482604648,15.45169186,0.8,0.79,0.002,0.16,0.15,0.18,0.853,0.92,0.0016,0.002024,0.135,0.009,0.03,0.018585198,0.029535598,0.076925459,0.517442596,0.664811752,0.344940442,30,54,0.116522945,1.5,15.16927885,0.9,44.44659068,1.54303594,0.982866877,0.5,6.695124505,0.477889387,1.4257105,2,0.5,292.6883,447.9877,372.9358,260.7527,146.565,1.8,2.5,2.5,2.5,2.5,3.56,0.12903852,0.209246256,114.5541597,0.844071913,0.53904847,2652,0.393654382,0.404718607,2.06758603,0.154808713,1.70500834,0.58,27.70242528,0.013,0.0238,0.0072,0.177,0.811,0.76,0.16,0.022,0.0049,0.0078,0.0042,0.079,0.19,0.666,0.76,0.034212545,0.121440943,0.263347682,0.865201881,3.616122498,0.086505061,0.191717565,0.701188458
21,1,0,Kitchenarians,56.66205779,0.222547917,15.59766774,40,15.95638126,0.856716883,1.525013762,0.43,0.827255778,0.336174606,0.034477556,8.338255445,1.399437732,0.506012369,15.79400094,0.732789116,0.723629252,0.001831973,0.217609329,0.217210884,0.260653061,0.781336395,0.842707484,0.001465578,0.001853956,0.195489795,0.013032653,0.043442177,0.032076791,0.018322694,0.169133879,0.266165893,0.87909899,0.421420067,30,54,0.139140609,1.5,15.21916252,0.9,44.024455,3.555874191,1.135206648,0.475448824,9.238035574,1.507559584,1.033716532,1.901776094,0.475448824,292.6883,447.9877,372.9358,260.7527,146.565,1.8,2.5,2.5,2.5,2.5,3.56,0.130577826,0.463359256,74.84218135,0.491866506,1.06130239,2510.857144,0.268424268,0.745181585,1.729136385,0.22306662,1.00959969,0.58,22.08460205,0.013,0.0238,0.0072,0.177,0.811,0.76,0.17920311,0.022,0.0049,0.0078,0.0042,0.079,0.19,0.666,0.76,0.036674767,0.17997757,0.408763102,0.884556043,2.2893548,0.135565474,0.192929504,0.854348216
22,1,0,Kitchenarians,26.77098449,0.154260775,9.62617924,40,13.1735983,0.867695486,1.991097237,0.4,0.459576751,0.176629817,0.048138355,4.625067201,1.40770687,0.61656461,4.17301525,0.711028302,0.702140448,0.001777571,0.238971698,0.238971698,0.286766038,0.758133927,0.817682547,0.001422057,0.001798902,0.215074528,0.014338302,0.04779434,0.034039742,0.00218751,1.053787089,0.195765063,1.169486881,0.297044893,30,54,0.149671758,1.5,15.28995867,0.9,44.46057971,3.25310836,0.745005986,0.385890182,14.72762466,0.730100712,1.380506116,1.543557735,0.385890182,292.6883,447.9877,372.9358,260.7527,146.565,1.8,2.5,2.5,2.5,2.5,3.56,0.091123653,0.515028588,139.9896461,0.370814167,1.219339071,2505,0.133751663,0.922170812,0.896458249,0.304469195,0.431403829,0.58,11.98931302,0.013,0.0238,0.0072,0.177,0.811,0.76,0.242990566,0.022,0.0049,0.0078,0.0042,0.079,0.19,0.666,0.76,0.031685607,0.102050286,0.613587309,0.417497279,0.897146513,0.246434349,0.104432471,1.130362205
23,1,0,Kitchenarians,83.73732524,0.246461513,26.52474964,40,18.43253158,1.120531449,1.154093059,0.458415832,0.892383924,0.411920443,0.027938907,12.68666026,1.364669577,0.514409665,18.60277841,0.783782165,0.773984888,0.001959455,0.173901001,0.166217835,0.199461402,0.835707733,0.90134949,0.001567564,0.001982969,0.149596051,0.00997307,0.033243567,0.023568689,0.035408667,0.102794771,0.437644558,0.679778997,0.166055891,30,54,0.047904845,1.5,14.98935071,0.9,45.45307039,3.423507378,0.455843389,0.494075857,22.06813937,1.811904852,1.100949385,1.976298793,0.494075857,292.6883,447.9877,372.9358,260.7527,146.565,1.8,2.5,2.5,2.5,2.5,3.56,0.163372298,0.387725291,132.2707528,0.537410849,0.978315731,2617.942547,0.402610146,0.674475672,2.913034918,0.180943221,1.059299896,0.58,38.84066063,0.013,0.0238,0.0072,0.177,0.811,0.76,0.164633667,0.022,0.0049,0.0078,0.0042,0.079,0.19,0.666,0.76,0.036558699,0.193508432,0.358169441,1.043756207,3.75368381,0.103584056,0.232466321,0.775292342
24,1,0,Kitchenarians,55.32378847,0.228335153,67.00496076,40,15.56573266,0.806693576,0.755143584,0.47,0.840777069,0.381747787,0.025474424,9.010318431,1.382561952,0.449607285,10.73874191,0.8,0.79,0.002,0.16,0.15,0.18,0.853,0.92,0.0016,0.002024,0.135,0.009,0.03,0.022582898,0.030601465,0.080384243,0.515654153,0.704937656,0.104781888,30,54,0.119810731,1.5,14.98972696,0.9,44.64593948,1.750379959,1.09790681,0.5,51.44358639,0.428556224,0.910699048,2,0.5,292.6883,447.9877,372.9358,260.7527,146.565,1.8,2.5,2.5,2.5,2.5,3.56,0.1566238,0.267573876,108.2543986,0.771588893,0.654451629,2652,0.464343647,0.4244467,2.137104675,0.171253448,1.192229343,0.58,23.18632253,0.013,0.0238,0.0072,0.177,0.811,0.76,0.16,0.022,0.0049,0.0078,0.0042,0.079,0.19,0.666,0.76,0.033446514,0.126853824,0.273148465,0.797987419,3.202830395,0.095233699,0.282719287,0.715722702
25,1,0,Kitchenarians,7.262215545,0.157524411,0.750639243,40,6.789857126,0.929508719,1.128154528,0.36,0.073908582,0.035410715,0.05150528,1.100342014,0.836327936,0.642494693,1.993173465,0.547634241,0.540788813,0.001369086,0.397378544,0.402365759,0.482838911,0.58391501,0.629779377,0.001095268,0.001385515,0.362129183,0.024141946,0.080473152,0.022013647,0.001629883,0.32779691,0.031146177,0.760853252,0.067704314,30,54,0.09924426,1.5,14.4067537,0.9,43.95008343,2.374802422,2.133361192,0.198200399,10.48186312,1.495840388,0.985086471,0.792799103,0.198200399,266.346353,407.668807,339.371578,237.284957,133.37415,1.638,2.275,2.275,2.275,2.275,3.2396,0.020513007,0.53215133,94.06734404,0.089622917,1.434292282,2283.687938,0.044260137,0.979211719,0.3397211,0.185887467,0.188488829,0.58,1.943212884,0.013,0.0238,0.0072,0.234533598,0.832996439,0.780613185,0.349923291,0.022,0.0049,0.0078,0.0042,0.081142686,0.25175923,0.68406366,0.780613185,0.03174414,0.023691174,0.517391753,0.091181267,0.339679668,0.140358381,0.042201477,0.876731933
26,1,0,Kitchenarians,57.31947463,0.204201917,15.33827512,40,16.75410348,0.981613017,1.053258956,0.43,0.750863171,0.339955015,0.035457468,8.905675118,1.43872134,0.537431016,11.01664553,0.731578617,0.722433885,0.001828947,0.2186469,0.218421383,0.262105659,0.780045701,0.84131541,0.001463157,0.001850894,0.196579244,0.013105283,0.043684277,0.031171441,0.018072175,0.167379316,0.202965758,0.734297615,0.278229894,30,54,0.165439459,1.5,15.11955217,0.9,45.75404112,4.085380426,2.319978936,0.475006646,27.88717586,1.711842872,0.867862842,1.900007036,0.475006646,292.6883,447.9877,372.9358,260.7527,146.565,1.8,2.5,2.5,2.5,2.5,3.56,0.106255912,0.463944455,115.4908407,0.623968249,1.105416085,2508.315096,0.334261298,0.718910593,2.288287684,0.243195199,0.801080683,0.58,26.58657002,0.013,0.0238,0.0072,0.177,0.811,0.76,0.179548967,0.022,0.0049,0.0078,0.0042,0.079,0.19,0.666,0.76,0.0351894,0.122894473,0.40223529,0.903167685,2.399592673,0.128445032,0.202267952,0.835691331
27,1,0,Kitchenarians,84.07338403,0.304490853,94.29869093,40,16.61659899,0.806147658,0.911308501,0.47,0.817420504,0.364307614,0.026933653,9.342826352,1.327901197,0.447828216,41.01248579,0.8,0.79,0.002,0.16,0.15,0.18,0.853,0.92,0.0016,0.002024,0.135,0.009,0.03,0.022138076,0.032425942,0.07924804,0.450320204,0.775980134,0.411365625,30,54,0.135084951,1.5,14.77880019,0.9,45.01779841,1.02769317,1.557327703,0.5,11.78769137,0.652326121,1.494689416,2,0.5,292.6883,447.9877,372.9358,260.7527,146.565,1.8,2.5,2.5,2.5,2.5,3.56,0.170562595,0.139958025,268.4975592,0.688583507,0.320479143,2652,0.304854341,0.23113876,0.738817171,0.118806408,1.667613202,0.58,22.20901068,0.013,0.0238,0.0072,0.177,0.811,0.76,0.16,0.022,0.0049,0.0078,0.0042,0.079,0.19,0.666,0.76,0.034842727,0.168080087,0.184497757,0.820879932,3.479733237,0.081262173,0.066196047,0.604464628
28,1,0,Kitchenarians,63.95042307,0.21709487,91.64235899,40,17.16314732,0.966719952,1.279683401,0.47,0.865903608,0.380650608,0.030607268,9.979150675,1.395271083,0.470324539,17.20594171,0.8,0.79,0.002,0.16,0.15,0.18,0.853,0.92,0.0016,0.002024,0.135,0.009,0.03,0.024946701,0.03000064,0.078598886,0.479075409,0.791069537,0.373006487,30,54,0.117598836,1.5,15.08465552,0.9,43.69962422,1.142974095,1.933626456,0.5,11.03742571,0.907987783,0.998977798,2,0.5,292.6883,447.9877,372.9358,260.7527,146.565,1.8,2.5,2.5,2.5,2.5,3.56,0.169754222,0.15031787,174.4453349,0.766390862,0.359761896,2652,0.358436311,0.246472516,1.308465875,0.127460327,0.865499946,0.58,24.92643587,0.013,0.0238,0.0072,0.177,0.811,0.76,0.16,0.022,0.0049,0.0078,0.0042,0.079,0.19,0.666,0.76,0.03235701,0.180316795,0.176789808,0.847316596,3.750232806,0.087158739,0.06857357,0.604454871
29,1,0,Kitchenarians,58.53873726,0.230110909,44.74607247,40,15.94972027,0.899603667,1.313663604,0.47,0.930643003,0.390267257,0.025253556,9.561987414,1.479463383,0.511609066,11.25830299,0.8,0.79,0.002,0.16,0.15,0.18,0.853,0.92,0.0016,0.002024,0.135,0.009,0.03,0.021871396,0.035829486,0.080897147,0.344620038,0.599954004,0.408719962,30,54,0.097704531,1.5,14.50961973,0.9,46.8207682,2.632527564,0.898214802,0.5,20.514476,1.561570602,0.63470282,2,0.5,292.6883,447.9877,372.9358,260.7527,146.565,1.8,2.5,2.5,2.5,2.5,3.56,0.147378579,0.368315328,93.66675909,0.786826005,0.954522816,2652,0.368435633,0.632038733,1.802197104,0.187689498,1.228007924,0.58,25.27786373,0.013,0.0238,0.0072,0.177,0.811,0.76,0.16,0.022,0.0049,0.0078,0.0042,0.079,0.19,0.666,0.76,0.037928062,0.219165782,0.35109019,0.838824062,3.181275493,0.077836224,0.278929409,0.963987978
30,1,0,Kitchenarians,82.05472047,0.242087715,41.90977278,40,18.41049265,1.059495913,1.067440966,0.47,1.041284963,0.434643721,0.027592952,13.13964865,1.549241219,0.517542362,17.68813169,0.8,0.79,0.002,0.16,0.15,0.18,0.853,0.92,0.0016,0.002024,0.135,0.009,0.03,0.023168652,0.039470437,0.082445371,0.491205253,0.636136418,0.620282568,30,54,0.101096692,1.5,14.78890594,0.9,45.89135249,2.78791654,0.741924695,0.5,13.23481491,1.975358506,1.240430983,2,0.5,292.6883,447.9877,372.9358,260.7527,146.565,1.8,2.5,2.5,2.5,2.5,3.56,0.188413975,0.385160258,58.45115972,0.691445472,0.918867898,2652,0.491415382,0.667972792,2.440027415,0.167715239,1.105342907,0.58,36.45922686,0.013,0.0238,0.0072,0.177,0.811,0.76,0.16,0.022,0.0049,0.0078,0.0042,0.079,0.19,0.666,0.76,0.034331316,0.218795645,0.326675143,0.957308673,4.191863007,0.082318232,0.306972636,0.885501689
31,1,0,Kitchenarians,85.72053133,0.269840174,66.6354623,40,17.82334127,1.010998745,0.632984544,0.47,0.962932776,0.387468097,0.028210449,11.7406504,1.468310494,0.396032754,24.58552142,0.8,0.79,0.002,0.16,0.15,0.18,0.853,0.92,0.0016,0.002024,0.135,0.009,0.03,0.02089408,0.034979889,0.073931904,0.468410832,0.670219411,0.577012129,30,54,0.104662855,1.5,14.84665099,0.9,43.48078575,1.708361579,1.417421656,0.5,15.71492863,0.639692103,0.997453579,2,0.5,292.6883,447.9877,372.9358,260.7527,146.565,1.8,2.5,2.5,2.5,2.5,3.56,0.185615147,0.298487088,87.59073945,0.736913207,0.63150228,2652,0.412866327,0.452247509,1.622443974,0.145988491,1.991843129,0.58,35.38742888,0.013,0.0238,0.0072,0.177,0.811,0.76,0.16,0.022,0.0049,0.0078,0.0042,0.079,0.19,0.666,0.76,0.032878718,0.122755656,0.275035739,0.88270387,4.065606065,0.081426668,0.087069043,0.756387499
32,1,0,Kitchenarians,54.99916952,0.219208801,84.54718058,40,15.83977735,1.007923688,0.88320307,0.47,0.877676787,0.336901378,0.027024565,8.594477735,1.332529762,0.45469439,15.67282948,0.8,0.79,0.002,0.16,0.15,0.18,0.853,0.92,0.0016,0.002024,0.135,0.009,0.03,0.021880779,0.031215739,0.082154637,0.379477952,0.794928397,0.38753496,30,54,0.175332548,1.5,15.19574593,0.9,44.11791761,1.319391545,0.595554178,0.5,21.63626686,0.535031251,1.205517667,2,0.5,292.6883,447.9877,372.9358,260.7527,146.565,1.8,2.5,2.5,2.5,2.5,3.56,0.114781826,0.176042243,104.2881948,0.722244562,0.409190324,2652,0.436055085,0.281785179,1.215128696,0.15077227,1.410481342,0.58,19.2104104,0.013,0.0238,0.0072,0.177,0.811,0.76,0.16,0.022,0.0049,0.0078,0.0042,0.079,0.19,0.666,0.76,0.037475184,0.150185251,0.200387769,0.793136067,3.124758959,0.087129987,0.209343542,0.616250187
33,1,0,Kitchenarians,82.58243667,0.245258888,38.28716275,40,18.34980566,0.947545834,0.952895717,0.47,1.012410059,0.465144523,0.026401209,12.7279485,1.45196957,0.480238735,19.73869566,0.8,0.79,0.002,0.16,0.15,0.18,0.853,0.92,0.0016,0.002024,0.135,0.009,0.03,0.024773074,0.042075468,0.076270549,0.491370733,0.591684021,0.472179346,30,54,0.075296317,1.5,15.32403752,0.9,43.24573167,2.992110634,1.329586437,0.5,11.96393344,0.380780192,0.801786668,2,0.5,292.6883,447.9877,372.9358,260.7527,146.565,1.8,2.5,2.5,2.5,2.5,3.56,0.203923052,0.376147746,81.58966274,0.7338281,1.019978224,2652,0.406559877,0.657864566,2.544724852,0.177322751,2.07285718,0.58,34.54354552,0.013,0.0238,0.0072,0.177,0.811,0.76,0.16,0.022,0.0049,0.0078,0.0042,0.079,0.19,0.666,0.76,0.032304262,0.272481993,0.356759074,0.862503821,3.943655231,0.078490025,0.59656319,0.880532445
34,1,0,Kitchenarians,81.10665258,0.30339594,91.88595968,40,16.35021081,0.661609874,0.773605155,0.47,0.803783746,0.36600583,0.027704119,8.851122889,1.458716551,0.41956053,37.50982294,0.8,0.79,0.002,0.16,0.15,0.18,0.853,0.92,0.0016,0.002024,0.135,0.009,0.03,0.023451219,0.031737048,0.078943905,0.381662469,0.785245918,0.522667187,30,54,0.170378116,1.5,15.47486381,0.9,43.97506279,1.025150084,2.438096026,0.5,12.39108664,0.901543004,1.203599197,2,0.5,292.6883,447.9877,372.9358,260.7527,146.565,1.8,2.5,2.5,2.5,2.5,3.56,0.200687769,0.169178052,72.80361189,0.708657021,0.371721075,2652,0.434894456,0.253275002,1.373895132,0.135089469,0.968925062,0.58,22.61943324,0.013,0.0238,0.0072,0.177,0.811,0.76,0.16,0.022,0.0049,0.0078,0.0042,0.079,0.19,0.666,0.76,0.034142131,0.121491376,0.19251142,0.782253177,3.876709293,0.08779628,0.0941874,0.625401255
35,1,0,Kitchenarians,60.51277258,0.24483136,56.39505883,40,15.72135603,1.263935261,1.334689036,0.47,0.867160252,0.362694005,0.027525264,9.49034359,1.349117124,0.452999496,13.41651342,0.8,0.79,0.002,0.16,0.15,0.18,0.853,0.92,0.0016,0.002024,0.135,0.009,0.03,0.021255974,0.032314474,0.081832169,0.291797789,0.652034291,0.619275219,30,54,0.183067528,1.5,14.89397542,0.9,44.44755796,2.085067891,0.752458552,0.5,10.11133676,0.542539322,1.056401969,2,0.5,292.6883,447.9877,372.9358,260.7527,146.565,1.8,2.5,2.5,2.5,2.5,3.56,0.166735848,0.377287944,111.8381576,0.606716691,0.847041808,2652,0.374199796,0.566347599,2.698525267,0.186222814,0.942723045,0.58,24.59216937,0.013,0.0238,0.0072,0.177,0.811,0.76,0.16,0.022,0.0049,0.0078,0.0042,0.079,0.19,0.666,0.76,0.03596405,0.168108116,0.31636826,0.831839248,3.431927966,0.082294178,0.270611357,0.878984349
36,1,0,Kitchenarians,66.76504629,0.239652445,52.25030866,40,16.69104951,0.982883555,0.861525373,0.47,0.912752482,0.386338991,0.029195584,10.47977199,1.482483764,0.525980431,10.7977629,0.8,0.79,0.002,0.16,0.15,0.18,0.853,0.92,0.0016,0.002024,0.135,0.009,0.03,0.020206064,0.03384819,0.088492606,0.469321912,0.663829215,0.650201615,30,54,0.154774416,1.5,14.83467493,0.9,43.33181324,2.257053998,1.740538367,0.5,22.44000376,0.269338591,0.828051206,2,0.5,292.6883,447.9877,372.9358,260.7527,146.565,1.8,2.5,2.5,2.5,2.5,3.56,0.165264651,0.388908864,79.42605945,0.916796426,0.831576772,2652,0.535972858,0.57856673,2.372582569,0.187805477,1.168742835,0.58,31.25804491,0.013,0.0238,0.0072,0.177,0.811,0.76,0.16,0.022,0.0049,0.0078,0.0042,0.079,0.19,0.666,0.76,0.034741849,0.143294883,0.332028691,0.902638588,3.852329148,0.084376354,0.23689758,0.981472121
37,1,0,Kitchenarians,73.23274909,0.240273811,91.80560298,40,17.45819944,1.208477843,0.9581688,0.47,0.837950126,0.42462293,0.027787334,10.28168021,1.2001187,0.420317424,21.90373789,0.8,0.79,0.002,0.16,0.15,0.18,0.853,0.92,0.0016,0.002024,0.135,0.009,0.03,0.020888151,0.032175144,0.079325343,0.409345954,0.684247873,0.520733562,30,54,0.10557393,1.5,14.68119965,0.9,44.01158686,1.071860161,1.050745617,0.5,11.91562655,1.203357493,0.806764364,2,0.5,292.6883,447.9877,372.9358,260.7527,146.565,1.8,2.5,2.5,2.5,2.5,3.56,0.241588971,0.145160313,184.2451954,0.83573081,0.353119744,2652,0.368035821,0.262163513,1.219908342,0.123793524,0.959248718,0.58,29.25685484,0.013,0.0238,0.0072,0.177,0.811,0.76,0.16,0.022,0.0049,0.0078,0.0042,0.079,0.19,0.666,0.76,0.034314122,0.088888445,0.177374285,0.7947439,3.701418002,0.085475887,0.155966717,0.647172591
38,1,0,Kitchenarians,53.74429828,0.20779702,97.70461689,40,16.08224006,1.093195573,1.190926961,0.47,0.742822791,0.332251802,0.028187954,8.793075691,1.38854046,0.42229231,10.67175816,0.8,0.79,0.002,0.16,0.15,0.18,0.853,0.92,0.0016,0.002024,0.135,0.009,0.03,0.025351557,0.030933607,0.081904994,0.414764056,0.706964938,0.288420325,30,54,0.077258052,1.5,14.9199321,0.9,46.42571099,0.990849701,0.396419253,0.5,36.61131718,1.972318539,1.124334867,2,0.5,292.6883,447.9877,372.9358,260.7527,146.565,1.8,2.5,2.5,2.5,2.5,3.56,0.191699608,0.140191104,151.2946349,0.775970537,0.334139755,2652,0.40688044,0.24583129,0.921346704,0.121764351,0.687620975,0.58,24.02400114,0.013,0.0238,0.0072,0.177,0.811,0.76,0.16,0.022,0.0049,0.0078,0.0042,0.079,0.19,0.666,0.76,0.034940918,0.197373425,0.159960682,0.71404096,2.955223719,0.079771411,0.207573884,0.584660788
39,1,0,Kitchenarians,45.49952245,0.179260728,11.90640834,40,15.93165308,1.177219453,0.748985644,0.4,0.623458538,0.238714371,0.043927399,7.679855994,1.487347184,0.529820892,8.779778278,0.723812817,0.714765156,0.001809532,0.226187183,0.226187183,0.27142462,0.771765416,0.832384739,0.001447626,0.001831246,0.203568465,0.013571231,0.045237437,0.03188241,0.008764184,0.722362211,0.208716941,0.963804177,0.412559675,30,54,0.133409503,1.5,14.83553586,0.9,44.55526284,3.43494572,0.574813407,0.423459984,21.84161411,1.004092427,1.624857814,1.693832309,0.423459984,292.6883,447.9877,372.9358,260.7527,146.565,1.8,2.5,2.5,2.5,2.5,3.56,0.157723231,0.473502303,236.7671324,0.450829014,1.098212012,2505,0.362000934,0.766907855,1.513573102,0.291463732,0.861373523,0.58,19.95611873,0.013,0.0238,0.0072,0.177,0.811,0.76,0.2171231,0.022,0.0049,0.0078,0.0042,0.079,0.19,0.666,0.76,0.033363505,0.151128204,0.58207406,0.716421991,1.628641812,0.207745778,0.262516745,1.094750079
40,1,0,Kitchenarians,87.29048433,0.296938611,29.33500601,40,17.14549843,0.966992092,0.89090764,0.467783353,0.913629454,0.43139531,0.028902651,11.23045332,1.535007354,0.511278771,37.68644708,0.796896695,0.786935486,0.001992242,0.162659976,0.153103305,0.183723966,0.849691101,0.916431199,0.001593793,0.002016149,0.137792975,0.009186198,0.030620661,0.022757546,0.04077259,0.08259306,0.516682953,0.628240611,0.372000194,30,54,0.126594005,1.5,15.19691818,0.9,44.48859492,2.980529798,1.483725763,0.498866407,30.66121178,0.873407643,1.034010065,1.995464741,0.498866407,292.6883,447.9877,372.9358,260.7527,146.565,1.8,2.5,2.5,2.5,2.5,3.56,0.151009985,0.364742085,123.7840221,0.700815011,0.875986763,2645.483059,0.512665343,0.686948186,2.462749974,0.187906215,1.007894934,0.58,24.24914045,0.013,0.0238,0.0072,0.177,0.811,0.76,0.160886659,0.022,0.0049,0.0078,0.0042,0.079,0.19,0.666,0.76,0.033161233,0.201706275,0.403841706,1.049853852,4.068842464,0.091392736,0.159417774,0.795342408
41,1,0,Kitchenarians,27.69892024,0.174316117,6.994326463,40,12.60557465,1.03747549,2.24957693,0.4,0.352443401,0.153328918,0.055821841,4.124244714,1.491871775,0.619858401,6.90925754,0.647863835,0.639765537,0.00161966,0.302136165,0.302136165,0.362563398,0.690784814,0.74504341,0.001295728,0.001639096,0.271922548,0.01812817,0.060427233,0.033470526,0.002192876,0.978862722,0.163047346,1.224006844,0.267703289,30,54,0.092157603,1.5,14.78844451,0.9,42.69189274,3.41864827,0.402164205,0.342522511,20.43361171,0.93139362,1.214315378,1.370066,0.342522511,291.1937798,445.7001925,371.0315213,259.4212488,145.8166122,1.790808869,2.487234541,2.487234541,2.487234541,2.487234541,3.541821986,0.065642267,0.529536195,124.2972174,0.353684109,1.194559648,2505,0.167973958,0.887640898,1.17598538,0.294160511,0.515888225,0.58,10.57050004,0.013,0.0238,0.0072,0.177,0.811,0.76,0.264045388,0.022,0.0049,0.0078,0.0042,0.079,0.19,0.666,0.76,0.035246408,0.060010643,0.684493037,0.398771678,0.809395163,0.248892424,0.116978924,1.183974362
42,1,0,Kitchenarians,100.7902119,0.331458123,71.10389572,40,17.43792663,0.89581156,0.910186043,0.47,0.891589113,0.385860309,0.026090495,11.14492078,1.33834768,0.48174851,43.57479158,0.8,0.79,0.002,0.16,0.15,0.18,0.853,0.92,0.0016,0.002024,0.135,0.009,0.03,0.023270181,0.034418282,0.077221662,0.365867155,0.706944449,0.394707941,30,54,0.165227605,1.5,15.01278862,0.9,44.46758666,1.761798493,0.884582607,0.5,14.00657222,0.953566333,0.947918461,2,0.5,292.6883,447.9877,372.9358,260.7527,146.565,1.8,2.5,2.5,2.5,2.5,3.56,0.142120619,0.262116919,213.1928621,0.916132848,0.611727387,2652,0.378320116,0.385388016,2.199923726,0.176100703,2.001844857,0.58,31.16961603,0.013,0.0238,0.0072,0.177,0.811,0.76,0.16,0.022,0.0049,0.0078,0.0042,0.079,0.19,0.666,0.76,0.031358278,0.23185903,0.276078012,0.885234515,4.458237494,0.088908925,0.276419776,0.673924265
43,1,0,Kitchenarians,65.56753118,0.250771965,33.70790926,40,16.16981027,0.999081491,1.481681004,0.47,0.896346245,0.416449452,0.0265859,9.900805747,1.637760888,0.497232248,13.3027178,0.8,0.79,0.002,0.16,0.15,0.18,0.853,0.92,0.0016,0.002024,0.135,0.009,0.03,0.0213294,0.039836798,0.080211307,0.522683903,0.629861228,0.269834839,30,54,0.107823259,1.5,15.12566706,0.9,43.59140876,2.940929846,1.355180625,0.5,15.05431231,1.1771861,0.950010563,2,0.5,292.6883,447.9877,372.9358,260.7527,146.565,1.8,2.5,2.5,2.5,2.5,3.56,0.210260229,0.399688661,142.682449,0.776386107,0.928745666,2652,0.342284874,0.644924474,1.842843139,0.173013648,1.229254524,0.58,29.54433894,0.013,0.0238,0.0072,0.177,0.811,0.76,0.16,0.022,0.0049,0.0078,0.0042,0.079,0.19,0.666,0.76,0.03318371,0.119798227,0.337676426,0.900207646,3.443964354,0.091651985,0.171757475,0.855578735
44,1,0,Kitchenarians,72.37536697,0.214521011,34.70859115,40,18.36794082,0.857885625,1.247051799,0.47,0.92739369,0.445801792,0.027230537,12.61151137,1.483479648,0.5024979,9.639568141,0.8,0.79,0.002,0.16,0.15,0.18,0.853,0.92,0.0016,0.002024,0.135,0.009,0.03,0.019614995,0.040677628,0.075486825,0.564604495,0.598108889,0.480225843,30,54,0.075883605,1.5,15.13829144,0.9,42.67965672,3.076621085,1.268867302,0.5,16.43773597,1.022488953,1.047766512,2,0.5,292.6883,447.9877,372.9358,260.7527,146.565,1.8,2.5,2.5,2.5,2.5,3.56,0.18875165,0.388735563,104.3103078,0.793565067,0.86793016,2652,0.54102396,0.620519288,2.367405149,0.196514576,1.055399056,0.58,35.84301495,0.013,0.0238,0.0072,0.177,0.811,0.76,0.16,0.022,0.0049,0.0078,0.0042,0.079,0.19,0.666,0.76,0.033044906,0.204083505,0.338847174,1.022115811,3.881942318,0.082356815,0.284802906,0.767108077
45,1,0,Kitchenarians,68.49007727,0.220651108,90.7309358,40,17.61816902,0.967100026,1.0117143,0.47,0.878112857,0.389372321,0.026103545,10.57043689,1.379612843,0.413822423,23.25058381,0.8,0.79,0.002,0.16,0.15,0.18,0.853,0.92,0.0016,0.002024,0.135,0.009,0.03,0.022253993,0.031378093,0.074627923,0.20007544,0.756519113,0.23797801,30,54,0.132426167,1.5,14.79666487,0.9,45.18697124,1.14370232,1.365526201,0.5,9.257003257,0.789645238,0.907339325,2,0.5,292.6883,447.9877,372.9358,260.7527,146.565,1.8,2.5,2.5,2.5,2.5,3.56,0.161918248,0.158315246,192.0331466,0.816920048,0.360351247,2652,0.44773584,0.257796987,0.693047756,0.123699363,1.190116406,0.58,23.52308895,0.013,0.0238,0.0072,0.177,0.811,0.76,0.16,0.022,0.0049,0.0078,0.0042,0.079,0.19,0.666,0.76,0.036071202,0.109901811,0.174513626,0.803071589,3.621288027,0.076833268,0.18543833,0.603436547
46,1,0,Kitchenarians,61.9480424,0.21689995,17.0102472,40,16.89989738,1.345556837,1.715674946,0.43,0.846001809,0.395647018,0.03594941,9.306309608,1.524407079,0.52907063,11.30896891,0.739381154,0.730138889,0.001848453,0.211959011,0.210618846,0.252742616,0.788365155,0.850288327,0.001478762,0.001870634,0.189556962,0.012637131,0.042123769,0.036739047,0.020453626,0.15813836,0.362568745,0.835301624,0.381902455,30,54,0.101194501,1.5,15.043388,0.9,42.92132677,3.906483575,0.468865991,0.477856801,23.84210475,0.514085904,0.771883686,1.911409886,0.477856801,292.6883,447.9877,372.9358,260.7527,146.565,1.8,2.5,2.5,2.5,2.5,3.56,0.133822956,0.458201347,164.3926785,0.609388189,1.095592768,2524.700423,0.417447347,0.712128826,1.811806484,0.226888563,1.095646175,0.58,29.71059756,0.013,0.0238,0.0072,0.177,0.811,0.76,0.17731967,0.022,0.0049,0.0078,0.0042,0.079,0.19,0.666,0.76,0.033114119,0.127500926,0.400698238,0.979986435,2.487634052,0.129457793,0.42795302,0.850316112
47,1,0,Kitchenarians,68.41280726,0.214404895,21.78972378,40,17.86287494,0.819431536,0.869594048,0.442632413,0.881360741,0.398582906,0.029754443,11.2460896,1.423865932,0.578767925,17.0790177,0.761685378,0.75216431,0.001904213,0.192841105,0.188314622,0.225977547,0.812147034,0.875938184,0.001523371,0.001927064,0.16948316,0.011298877,0.037662924,0.026989222,0.029435015,0.1185207,0.409867405,0.7172411,0.410299678,30,54,0.054131917,1.5,14.7937161,0.9,42.42919372,3.618792776,1.135898129,0.486004216,20.34234701,1.396625733,0.743630736,1.944005916,0.486004216,292.6883,447.9877,372.9358,260.7527,146.565,1.8,2.5,2.5,2.5,2.5,3.56,0.165516712,0.466422375,86.61770707,0.618415814,0.984615814,2571.539293,0.304726124,0.738319061,1.558485526,0.235911045,0.788834302,0.58,28.81278838,0.013,0.0238,0.0072,0.177,0.811,0.76,0.170947035,0.022,0.0049,0.0078,0.0042,0.079,0.19,0.666,0.76,0.032660914,0.160909695,0.423026374,1.016735412,2.945025977,0.112421507,0.16285034,0.779801515
48,1,0,Kitchenarians,64.94089745,0.242007844,96.86948401,40,16.38115129,1.039112226,1.072798028,0.47,0.787700595,0.35018917,0.028205825,8.990267661,1.369775807,0.401462732,24.53260976,0.8,0.79,0.002,0.16,0.15,0.18,0.853,0.92,0.0016,0.002024,0.135,0.009,0.03,0.019729987,0.031182851,0.083965119,0.415418792,0.743489336,0.25652691,30,54,0.108306006,1.5,14.97313808,0.9,45.64572482,0.946320168,2.026997595,0.5,9.942635107,0.792573624,0.968669856,2,0.5,292.6883,447.9877,372.9358,260.7527,146.565,1.8,2.5,2.5,2.5,2.5,3.56,0.171363972,0.138434282,121.6560654,0.608582573,0.287869063,2652,0.423812188,0.224379431,1.563491574,0.118962587,1.268626768,0.58,20.01760891,0.013,0.0238,0.0072,0.177,0.811,0.76,0.16,0.022,0.0049,0.0078,0.0042,0.079,0.19,0.666,0.76,0.035021133,0.143864091,0.172946208,0.721430244,3.227201489,0.086962155,0.061244099,0.572427596
49,1,0,Kitchenarians,84.26501385,0.214276593,46.62808522,40,19.8306195,0.964596216,0.96173473,0.47,1.126764724,0.477896699,0.027542806,15.0259246,1.567144934,0.449470156,15.7059328,0.8,0.79,0.002,0.16,0.15,0.18,0.853,0.92,0.0016,0.002024,0.135,0.009,0.03,0.021402151,0.043248529,0.080588116,0.603347139,0.611756086,0.510228274,30,54,0.136599423,1.5,14.77907145,0.9,44.85643281,2.52557438,1.006257598,0.5,5.369280589,1.681858477,0.925376159,2,0.5,292.6883,447.9877,372.9358,260.7527,146.565,1.8,2.5,2.5,2.5,2.5,3.56,0.178874798,0.362326141,144.1866118,0.916464947,0.953763243,2652,0.502357666,0.629287793,2.999634305,0.181586202,1.366510451,0.58,37.63926668,0.013,0.0238,0.0072,0.177,0.811,0.76,0.16,0.022,0.0049,0.0078,0.0042,0.079,0.19,0.666,0.76,0.034192806,0.18091869,0.368367735,0.972367362,4.138844241,0.087584169,0.309287008,0.883050047
